trade_no,entry_time,exit_time,direction,entry_price,exit_price,outcome,holding_hours,pnl_raw,commission,funding_fee,interest_fee,total_cost,pnl_net,pnl_pct,result,capital,leverage
1,2022-01-01 04:00:00,2022-02-05 00:00:00,SHORT,3723.96,2994.99,FLIP,836.0,489.38,2.26,-47.14,23.57,-21.31,510.69,20.43,WIN,3010.69,1
2,2022-02-05 00:00:00,2022-02-11 20:00:00,LONG,2994.99,2992.9,FLIP,164.0,-2.1,3.01,12.34,6.17,21.52,-23.62,-0.78,LOSS,2987.07,1
3,2022-02-11 20:00:00,2022-02-15 04:00:00,SHORT,2992.9,3025.12,FLIP,80.0,-32.16,3.0,-6.01,3.0,-0.0,-32.16,-1.08,LOSS,2954.91,1
4,2022-02-15 04:00:00,2022-02-17 16:00:00,LONG,3025.12,2989.26,FLIP,60.0,-35.03,2.94,4.41,2.2,9.55,-44.57,-1.51,LOSS,2910.34,1
5,2022-02-17 16:00:00,2022-03-01 00:00:00,SHORT,2989.26,2920.83,FLIP,272.0,66.62,2.88,-19.56,9.78,-6.9,73.53,2.53,WIN,2983.87,1
6,2022-03-01 00:00:00,2022-03-03 16:00:00,LONG,2920.83,2827.99,FLIP,64.0,-94.84,2.94,4.7,2.35,9.98,-104.83,-3.51,LOSS,2879.04,1
7,2022-03-03 16:00:00,2022-03-16 20:00:00,SHORT,2827.99,2753.16,FLIP,316.0,76.18,2.84,-22.44,11.22,-8.38,84.56,2.94,WIN,2963.6,1
8,2022-03-16 20:00:00,2022-04-11 12:00:00,LONG,2753.16,3051.57,FLIP,616.0,321.22,3.12,48.11,24.06,75.29,245.93,8.3,WIN,3209.53,1
9,2022-04-11 12:00:00,2022-04-19 16:00:00,SHORT,3051.57,3110.53,FLIP,196.0,-62.01,3.24,-15.88,7.94,-4.7,-57.31,-1.79,LOSS,3152.21,1
10,2022-04-19 16:00:00,2022-04-20 04:00:00,LONG,3110.53,3091.63,FLIP,12.0,-19.15,3.14,0.94,0.47,4.56,-23.71,-0.75,LOSS,3128.5,1
11,2022-04-20 04:00:00,2022-04-20 12:00:00,SHORT,3091.63,3152.78,FLIP,8.0,-61.88,3.16,-0.63,0.32,2.84,-64.72,-2.07,LOSS,3063.78,1
12,2022-04-20 12:00:00,2022-04-20 16:00:00,LONG,3152.78,3068.3,FLIP,4.0,-82.1,3.02,0.3,0.15,3.48,-85.57,-2.79,LOSS,2978.21,1
13,2022-04-20 16:00:00,2022-04-21 04:00:00,SHORT,3068.3,3096.8,FLIP,12.0,-27.66,2.99,-0.9,0.45,2.54,-30.21,-1.01,LOSS,2948.0,1
14,2022-04-21 04:00:00,2022-04-21 20:00:00,LONG,3096.8,3026.23,FLIP,16.0,-67.18,2.91,1.17,0.58,4.66,-71.84,-2.44,LOSS,2876.16,1
15,2022-04-21 20:00:00,2022-07-15 20:00:00,SHORT,3026.23,1266.33,FLIP,2040.0,1672.63,2.04,-104.03,52.02,-49.98,1722.6,59.89,WIN,4598.77,1
16,2022-07-15 20:00:00,2022-07-16 00:00:00,LONG,1266.33,1231.25,FLIP,4.0,-127.4,4.54,0.45,0.23,5.22,-132.61,-2.88,LOSS,4466.15,1
17,2022-07-16 00:00:00,2022-07-16 16:00:00,SHORT,1231.25,1274.34,FLIP,16.0,-156.3,4.54,-1.82,0.91,3.64,-159.94,-3.58,LOSS,4306.22,1
18,2022-07-16 16:00:00,2022-07-26 20:00:00,LONG,1274.34,1366.09,FLIP,244.0,310.04,4.46,27.21,13.61,45.28,264.76,6.15,WIN,4570.98,1
19,2022-07-26 20:00:00,2022-07-27 00:00:00,SHORT,1366.09,1449.12,FLIP,4.0,-277.82,4.71,-0.47,0.24,4.47,-282.3,-6.18,LOSS,4288.68,1
20,2022-07-27 00:00:00,2022-08-20 00:00:00,LONG,1449.12,1609.0,FLIP,576.0,473.17,4.53,65.16,32.58,102.27,370.89,8.65,WIN,4659.58,1
21,2022-08-20 00:00:00,2022-08-24 16:00:00,SHORT,1609.0,1683.49,FLIP,112.0,-215.72,4.77,-13.35,6.67,-1.91,-213.81,-4.59,LOSS,4445.76,1
22,2022-08-24 16:00:00,2022-08-25 00:00:00,LONG,1683.49,1656.56,FLIP,8.0,-71.12,4.41,0.88,0.44,5.73,-76.85,-1.73,LOSS,4368.91,1
23,2022-08-25 00:00:00,2022-08-25 08:00:00,SHORT,1656.56,1708.92,FLIP,8.0,-138.09,4.44,-0.89,0.44,3.99,-142.09,-3.25,LOSS,4226.83,1
24,2022-08-25 08:00:00,2022-08-26 08:00:00,LONG,1708.92,1660.56,FLIP,24.0,-119.61,4.17,2.5,1.25,7.92,-127.53,-3.02,LOSS,4099.3,1
25,2022-08-26 08:00:00,2022-09-02 16:00:00,SHORT,1660.56,1636.33,FLIP,176.0,59.81,4.07,-17.91,8.95,-4.88,64.7,1.58,WIN,4164.0,1
26,2022-09-02 16:00:00,2022-09-02 20:00:00,LONG,1636.33,1561.47,FLIP,4.0,-190.5,4.07,0.41,0.2,4.68,-195.18,-4.69,LOSS,3968.82,1
27,2022-09-02 20:00:00,2022-09-06 00:00:00,SHORT,1561.47,1617.8,FLIP,76.0,-143.18,4.04,-7.68,3.84,0.2,-143.38,-3.61,LOSS,3825.44,1
28,2022-09-06 00:00:00,2022-09-06 20:00:00,LONG,1617.8,1576.67,FLIP,20.0,-97.26,3.78,1.89,0.94,6.61,-103.87,-2.72,LOSS,3721.58,1
29,2022-09-06 20:00:00,2022-09-08 00:00:00,SHORT,1576.67,1630.0,FLIP,28.0,-125.88,3.78,-2.65,1.32,2.46,-128.34,-3.45,LOSS,3593.24,1
30,2022-09-08 00:00:00,2022-09-13 16:00:00,LONG,1630.0,1594.44,FLIP,136.0,-78.39,3.55,12.08,6.04,21.68,-100.07,-2.78,LOSS,3493.17,1
31,2022-09-13 16:00:00,2022-10-24 00:00:00,SHORT,1594.44,1364.19,FLIP,968.0,504.44,3.24,-78.43,39.22,-35.97,540.42,15.47,WIN,4033.58,1
32,2022-10-24 00:00:00,2022-10-24 08:00:00,LONG,1364.19,1336.79,FLIP,8.0,-81.02,3.99,0.8,0.4,5.19,-86.21,-2.14,LOSS,3947.38,1
33,2022-10-24 08:00:00,2022-10-24 12:00:00,SHORT,1336.79,1353.4,FLIP,4.0,-49.05,3.97,-0.4,0.2,3.77,-52.82,-1.34,LOSS,3894.56,1
34,2022-10-24 12:00:00,2022-10-24 16:00:00,LONG,1353.4,1341.63,FLIP,4.0,-33.87,3.88,0.39,0.19,4.46,-38.33,-0.98,LOSS,3856.23,1
35,2022-10-24 16:00:00,2022-10-24 20:00:00,SHORT,1341.63,1344.96,FLIP,4.0,-9.57,3.86,-0.39,0.19,3.67,-13.24,-0.34,LOSS,3842.99,1
36,2022-10-24 20:00:00,2022-10-25 00:00:00,LONG,1344.96,1343.61,FLIP,4.0,-3.86,3.84,0.38,0.19,4.42,-8.27,-0.22,LOSS,3834.71,1
37,2022-10-25 00:00:00,2022-10-25 04:00:00,SHORT,1343.61,1347.61,FLIP,4.0,-11.42,3.84,-0.38,0.19,3.65,-15.06,-0.39,LOSS,3819.65,1
38,2022-10-25 04:00:00,2022-11-08 12:00:00,LONG,1347.61,1476.87,FLIP,344.0,366.37,4.0,34.42,17.21,55.64,310.73,8.14,WIN,4130.38,1
39,2022-11-08 12:00:00,2022-11-30 20:00:00,SHORT,1476.87,1287.2,FLIP,536.0,530.45,3.87,-51.79,25.9,-22.03,552.48,13.38,WIN,4682.87,1
40,2022-11-30 20:00:00,2022-12-01 16:00:00,LONG,1287.2,1271.54,FLIP,20.0,-56.97,4.65,2.33,1.16,8.15,-65.12,-1.39,LOSS,4617.75,1
41,2022-12-01 16:00:00,2022-12-01 20:00:00,SHORT,1271.54,1275.91,FLIP,4.0,-15.87,4.63,-0.46,0.23,4.39,-20.26,-0.44,LOSS,4597.48,1
42,2022-12-01 20:00:00,2022-12-02 04:00:00,LONG,1275.91,1271.69,FLIP,8.0,-15.21,4.59,0.92,0.46,5.97,-21.17,-0.46,LOSS,4576.31,1
43,2022-12-02 04:00:00,2022-12-02 12:00:00,SHORT,1271.69,1288.82,FLIP,8.0,-61.64,4.61,-0.92,0.46,4.15,-65.79,-1.44,LOSS,4510.52,1
44,2022-12-02 12:00:00,2022-12-03 08:00:00,LONG,1288.82,1276.08,FLIP,20.0,-44.59,4.49,2.24,1.12,7.85,-52.44,-1.16,LOSS,4458.08,1
45,2022-12-03 08:00:00,2022-12-04 20:00:00,SHORT,1276.08,1278.49,FLIP,36.0,-8.42,4.46,-4.02,2.01,2.45,-10.87,-0.24,LOSS,4447.21,1
46,2022-12-04 20:00:00,2022-12-05 16:00:00,LONG,1278.49,1266.59,FLIP,20.0,-41.39,4.43,2.21,1.11,7.75,-49.14,-1.1,LOSS,4398.07,1
47,2022-12-05 16:00:00,2022-12-08 20:00:00,SHORT,1266.59,1283.9,FLIP,76.0,-60.11,4.43,-8.41,4.21,0.22,-60.33,-1.37,LOSS,4337.74,1
48,2022-12-08 20:00:00,2022-12-09 20:00:00,LONG,1283.9,1269.06,FLIP,24.0,-50.14,4.31,2.59,1.29,8.19,-58.33,-1.34,LOSS,4279.41,1
49,2022-12-09 20:00:00,2022-12-10 16:00:00,SHORT,1269.06,1278.26,FLIP,20.0,-31.02,4.29,-2.15,1.07,3.22,-34.24,-0.8,LOSS,4245.16,1
50,2022-12-10 16:00:00,2022-12-11 00:00:00,LONG,1278.26,1266.35,FLIP,8.0,-39.55,4.23,0.85,0.42,5.49,-45.05,-1.06,LOSS,4200.12,1
51,2022-12-11 00:00:00,2022-12-11 04:00:00,SHORT,1266.35,1272.67,FLIP,4.0,-20.96,4.21,-0.42,0.21,4.0,-24.96,-0.59,LOSS,4175.15,1
52,2022-12-11 04:00:00,2022-12-12 00:00:00,LONG,1272.67,1263.0,FLIP,20.0,-31.72,4.16,2.08,1.04,7.28,-39.0,-0.93,LOSS,4136.15,1
53,2022-12-12 00:00:00,2022-12-13 00:00:00,SHORT,1263.0,1275.41,FLIP,24.0,-40.64,4.16,-2.49,1.25,2.91,-43.55,-1.05,LOSS,4092.6,1
54,2022-12-13 00:00:00,2022-12-13 04:00:00,LONG,1275.41,1269.64,FLIP,4.0,-18.52,4.08,0.41,0.2,4.7,-23.21,-0.57,LOSS,4069.39,1
55,2022-12-13 04:00:00,2022-12-13 12:00:00,SHORT,1269.64,1286.92,FLIP,8.0,-55.39,4.1,-0.82,0.41,3.69,-59.07,-1.45,LOSS,4010.32,1
56,2022-12-13 12:00:00,2022-12-15 16:00:00,LONG,1286.92,1270.31,FLIP,52.0,-51.76,3.98,5.18,2.59,11.75,-63.51,-1.58,LOSS,3946.8,1
57,2022-12-15 16:00:00,2022-12-15 20:00:00,SHORT,1270.31,1275.03,FLIP,4.0,-14.66,3.95,-0.4,0.2,3.76,-18.42,-0.47,LOSS,3928.38,1
58,2022-12-15 20:00:00,2022-12-16 00:00:00,LONG,1275.03,1266.53,FLIP,4.0,-26.19,3.92,0.39,0.2,4.5,-30.69,-0.78,LOSS,3897.69,1
59,2022-12-16 00:00:00,2022-12-16 08:00:00,SHORT,1266.53,1277.77,FLIP,8.0,-34.59,3.91,-0.78,0.39,3.52,-38.11,-0.98,LOSS,3859.58,1
60,2022-12-16 08:00:00,2022-12-16 12:00:00,LONG,1277.77,1212.84,FLIP,4.0,-196.12,3.76,0.38,0.19,4.33,-200.45,-5.19,LOSS,3659.13,1
61,2022-12-16 12:00:00,2023-01-04 04:00:00,SHORT,1212.84,1250.73,FLIP,448.0,-114.31,3.72,-41.62,20.81,-17.09,-97.22,-2.66,LOSS,3561.91,1
62,2023-01-04 04:00:00,2023-02-10 00:00:00,LONG,1250.73,1545.35,FLIP,884.0,839.04,3.98,87.99,43.99,135.97,703.07,19.74,WIN,4264.98,1
63,2023-02-10 00:00:00,2023-02-10 08:00:00,SHORT,1545.35,1551.7,FLIP,8.0,-17.53,4.27,-0.85,0.43,3.85,-21.37,-0.5,LOSS,4243.61,1
64,2023-02-10 08:00:00,2023-02-10 12:00:00,LONG,1551.7,1537.04,FLIP,4.0,-40.09,4.22,0.42,0.21,4.86,-44.95,-1.06,LOSS,4198.66,1
65,2023-02-10 12:00:00,2023-02-14 16:00:00,SHORT,1537.04,1544.84,FLIP,100.0,-21.31,4.21,-10.52,5.26,-1.05,-20.25,-0.48,LOSS,4178.4,1
66,2023-02-14 16:00:00,2023-02-25 04:00:00,LONG,1544.84,1598.53,FLIP,252.0,145.22,4.25,26.78,13.39,44.42,100.79,2.41,WIN,4279.2,1
67,2023-02-25 04:00:00,2023-02-25 08:00:00,SHORT,1598.53,1603.99,FLIP,4.0,-14.62,4.29,-0.43,0.21,4.07,-18.69,-0.44,LOSS,4260.51,1
68,2023-02-25 08:00:00,2023-02-25 16:00:00,LONG,1603.99,1597.06,FLIP,8.0,-18.41,4.25,0.85,0.43,5.53,-23.93,-0.56,LOSS,4236.58,1
69,2023-02-25 16:00:00,2023-02-26 04:00:00,SHORT,1597.06,1602.75,FLIP,12.0,-15.09,4.24,-1.27,0.64,3.61,-18.7,-0.44,LOSS,4217.87,1
70,2023-02-26 04:00:00,2023-03-03 04:00:00,LONG,1602.75,1565.43,FLIP,120.0,-98.21,4.17,12.51,6.25,22.93,-121.14,-2.87,LOSS,4096.73,1
71,2023-03-03 04:00:00,2023-03-13 00:00:00,SHORT,1565.43,1580.33,FLIP,236.0,-38.99,4.12,-24.29,12.14,-8.03,-30.97,-0.76,LOSS,4065.77,1
72,2023-03-13 00:00:00,2023-04-21 20:00:00,LONG,1580.33,1842.69,FLIP,956.0,674.98,4.4,105.24,52.62,162.26,512.72,12.61,WIN,4578.49,1
73,2023-04-21 20:00:00,2023-04-26 12:00:00,SHORT,1842.69,1914.58,FLIP,112.0,-178.62,4.67,-13.07,6.53,-1.87,-176.76,-3.86,LOSS,4401.73,1
74,2023-04-26 12:00:00,2023-04-26 20:00:00,LONG,1914.58,1828.74,FLIP,8.0,-197.35,4.3,0.86,0.43,5.59,-202.95,-4.61,LOSS,4198.79,1
75,2023-04-26 20:00:00,2023-04-27 04:00:00,SHORT,1828.74,1898.42,FLIP,8.0,-159.99,4.28,-0.86,0.43,3.85,-163.84,-3.9,LOSS,4034.95,1
76,2023-04-27 04:00:00,2023-05-01 00:00:00,LONG,1898.42,1870.08,FLIP,92.0,-60.23,4.0,9.21,4.61,17.82,-78.06,-1.93,LOSS,3956.89,1
77,2023-05-01 00:00:00,2023-05-04 00:00:00,SHORT,1870.08,1905.12,FLIP,72.0,-74.14,3.99,-7.19,3.59,0.4,-74.54,-1.88,LOSS,3882.35,1
78,2023-05-04 00:00:00,2023-05-04 20:00:00,LONG,1905.12,1876.66,FLIP,20.0,-58.0,3.85,1.93,0.96,6.74,-64.74,-1.67,LOSS,3817.61,1
79,2023-05-04 20:00:00,2023-05-05 04:00:00,SHORT,1876.66,1896.58,FLIP,8.0,-40.52,3.84,-0.77,0.38,3.45,-43.98,-1.15,LOSS,3773.64,1
80,2023-05-05 04:00:00,2023-05-06 16:00:00,LONG,1896.58,1877.32,FLIP,36.0,-38.32,3.75,3.38,1.69,8.82,-47.14,-1.25,LOSS,3726.49,1
81,2023-05-06 16:00:00,2023-05-06 20:00:00,SHORT,1877.32,1897.94,FLIP,4.0,-40.93,3.75,-0.37,0.19,3.56,-44.49,-1.19,LOSS,3682.0,1
82,2023-05-06 20:00:00,2023-05-08 00:00:00,LONG,1897.94,1870.41,FLIP,28.0,-53.41,3.66,2.56,1.28,7.49,-60.9,-1.65,LOSS,3621.1,1
83,2023-05-08 00:00:00,2023-05-23 04:00:00,SHORT,1870.41,1866.01,FLIP,364.0,8.52,3.62,-32.91,16.46,-12.84,21.36,0.59,WIN,3642.46,1
84,2023-05-23 04:00:00,2023-05-24 04:00:00,LONG,1866.01,1821.94,FLIP,24.0,-86.02,3.6,2.16,1.08,6.84,-92.86,-2.55,LOSS,3549.59,1
85,2023-05-24 04:00:00,2023-05-28 04:00:00,SHORT,1821.94,1850.71,FLIP,96.0,-56.05,3.58,-8.59,4.29,-0.72,-55.34,-1.56,LOSS,3494.26,1
86,2023-05-28 04:00:00,2023-06-05 16:00:00,LONG,1850.71,1820.69,FLIP,204.0,-56.68,3.47,17.68,8.84,29.98,-86.66,-2.48,LOSS,3407.6,1
87,2023-06-05 16:00:00,2023-06-06 20:00:00,SHORT,1820.69,1891.82,FLIP,28.0,-133.13,3.47,-2.43,1.22,2.26,-135.38,-3.97,LOSS,3272.21,1
88,2023-06-06 20:00:00,2023-06-07 16:00:00,LONG,1891.82,1839.0,FLIP,20.0,-91.36,3.23,1.61,0.81,5.65,-97.01,-2.96,LOSS,3175.21,1
89,2023-06-07 16:00:00,2023-06-08 16:00:00,SHORT,1839.0,1855.67,FLIP,24.0,-28.78,3.19,-1.91,0.96,2.23,-31.02,-0.98,LOSS,3144.19,1
90,2023-06-08 16:00:00,2023-06-08 20:00:00,LONG,1855.67,1847.73,FLIP,4.0,-13.45,3.14,0.31,0.16,3.61,-17.06,-0.54,LOSS,3127.13,1
91,2023-06-08 20:00:00,2023-06-21 00:00:00,SHORT,1847.73,1791.99,FLIP,292.0,94.34,3.08,-22.48,11.24,-8.16,102.5,3.28,WIN,3229.63,1
92,2023-06-21 00:00:00,2023-07-07 00:00:00,LONG,1791.99,1846.17,FLIP,384.0,97.65,3.28,31.47,15.74,50.49,47.16,1.46,WIN,3276.79,1
93,2023-07-07 00:00:00,2023-07-07 12:00:00,SHORT,1846.17,1860.16,FLIP,12.0,-24.83,3.29,-0.99,0.49,2.8,-27.63,-0.84,LOSS,3249.16,1
94,2023-07-07 12:00:00,2023-07-08 12:00:00,LONG,1860.16,1859.01,FLIP,24.0,-2.01,3.25,1.95,0.97,6.17,-8.18,-0.25,LOSS,3240.98,1
95,2023-07-08 12:00:00,2023-07-09 00:00:00,SHORT,1859.01,1865.24,FLIP,12.0,-10.86,3.25,-0.97,0.49,2.76,-13.62,-0.42,LOSS,3227.36,1
96,2023-07-09 00:00:00,2023-07-10 08:00:00,LONG,1865.24,1856.2,FLIP,32.0,-15.64,3.22,2.58,1.29,7.08,-22.72,-0.7,LOSS,3204.63,1
97,2023-07-10 08:00:00,2023-07-10 12:00:00,SHORT,1856.2,1863.99,FLIP,4.0,-13.45,3.21,-0.32,0.16,3.05,-16.5,-0.51,LOSS,3188.13,1
98,2023-07-10 12:00:00,2023-07-23 00:00:00,LONG,1863.99,1866.52,FLIP,300.0,4.33,3.19,23.93,11.96,39.08,-34.75,-1.09,LOSS,3153.38,1
99,2023-07-23 00:00:00,2023-07-23 20:00:00,SHORT,1866.52,1889.13,FLIP,20.0,-38.2,3.17,-1.59,0.79,2.38,-40.58,-1.29,LOSS,3112.8,1
100,2023-07-23 20:00:00,2023-07-24 04:00:00,LONG,1889.13,1868.35,FLIP,8.0,-34.24,3.1,0.62,0.31,4.02,-38.26,-1.23,LOSS,3074.54,1
101,2023-07-24 04:00:00,2023-07-30 00:00:00,SHORT,1868.35,1880.45,FLIP,140.0,-19.91,3.08,-10.8,5.4,-2.31,-17.6,-0.57,LOSS,3056.94,1
102,2023-07-30 00:00:00,2023-07-30 04:00:00,LONG,1880.45,1878.5,FLIP,4.0,-3.17,3.06,0.31,0.15,3.51,-6.68,-0.22,LOSS,3050.26,1
103,2023-07-30 04:00:00,2023-08-09 12:00:00,SHORT,1878.5,1862.79,FLIP,248.0,25.51,3.04,-18.83,9.42,-6.38,31.89,1.05,WIN,3082.14,1
104,2023-08-09 12:00:00,2023-08-09 16:00:00,LONG,1862.79,1853.2,FLIP,4.0,-15.87,3.07,0.31,0.15,3.54,-19.4,-0.63,LOSS,3062.74,1
105,2023-08-09 16:00:00,2023-09-28 16:00:00,SHORT,1853.2,1652.57,FLIP,1200.0,331.58,2.9,-86.91,43.45,-40.56,372.13,12.15,WIN,3434.87,1
106,2023-09-28 16:00:00,2023-10-04 04:00:00,LONG,1652.57,1641.85,FLIP,132.0,-22.28,3.42,11.3,5.65,20.37,-42.65,-1.24,LOSS,3392.22,1
107,2023-10-04 04:00:00,2023-10-06 20:00:00,SHORT,1641.85,1646.24,FLIP,64.0,-9.07,3.4,-5.43,2.72,0.68,-9.75,-0.29,LOSS,3382.47,1
108,2023-10-06 20:00:00,2023-10-07 00:00:00,LONG,1646.24,1645.03,FLIP,4.0,-2.49,3.38,0.34,0.17,3.89,-6.37,-0.19,LOSS,3376.1,1
109,2023-10-07 00:00:00,2023-10-20 12:00:00,SHORT,1645.03,1613.15,FLIP,324.0,65.43,3.34,-27.08,13.54,-10.2,75.62,2.24,WIN,3451.72,1
110,2023-10-20 12:00:00,2023-10-21 00:00:00,LONG,1613.15,1603.88,FLIP,12.0,-19.84,3.44,1.03,0.52,4.99,-24.83,-0.72,LOSS,3426.9,1
111,2023-10-21 00:00:00,2023-10-21 08:00:00,SHORT,1603.88,1606.58,FLIP,8.0,-5.77,3.43,-0.69,0.34,3.09,-8.86,-0.26,LOSS,3418.04,1
112,2023-10-21 08:00:00,2023-12-18 12:00:00,LONG,1606.58,2142.19,FLIP,1396.0,1139.52,3.99,139.17,69.59,212.75,926.77,27.11,WIN,4344.82,1
113,2023-12-18 12:00:00,2023-12-18 16:00:00,SHORT,2142.19,2155.2,FLIP,4.0,-26.39,4.36,-0.44,0.22,4.14,-30.53,-0.7,LOSS,4314.29,1
114,2023-12-18 16:00:00,2024-01-03 16:00:00,LONG,2155.2,2240.39,FLIP,384.0,170.53,4.4,42.24,21.12,67.75,102.78,2.38,WIN,4417.07,1
115,2024-01-03 16:00:00,2024-01-04 16:00:00,SHORT,2240.39,2276.88,FLIP,24.0,-71.94,4.45,-2.67,1.34,3.12,-75.06,-1.7,LOSS,4342.01,1
116,2024-01-04 16:00:00,2024-01-05 16:00:00,LONG,2276.88,2225.0,FLIP,24.0,-98.94,4.29,2.58,1.29,8.16,-107.09,-2.47,LOSS,4234.92,1
117,2024-01-05 16:00:00,2024-01-06 00:00:00,SHORT,2225.0,2268.78,FLIP,8.0,-83.33,4.28,-0.86,0.43,3.85,-87.18,-2.06,LOSS,4147.74,1
118,2024-01-06 00:00:00,2024-01-06 08:00:00,LONG,2268.78,2233.13,FLIP,8.0,-65.17,4.12,0.82,0.41,5.35,-70.52,-1.7,LOSS,4077.22,1
119,2024-01-06 08:00:00,2024-01-06 16:00:00,SHORT,2233.13,2246.41,FLIP,8.0,-24.25,4.09,-0.82,0.41,3.68,-27.93,-0.68,LOSS,4049.29,1
120,2024-01-06 16:00:00,2024-01-07 00:00:00,LONG,2246.41,2240.77,FLIP,8.0,-10.17,4.04,0.81,0.4,5.26,-15.42,-0.38,LOSS,4033.87,1
121,2024-01-07 00:00:00,2024-01-07 04:00:00,SHORT,2240.77,2242.19,FLIP,4.0,-2.56,4.04,-0.4,0.2,3.83,-6.39,-0.16,LOSS,4027.48,1
122,2024-01-07 04:00:00,2024-01-07 12:00:00,LONG,2242.19,2237.05,FLIP,8.0,-9.23,4.02,0.8,0.4,5.23,-14.46,-0.36,LOSS,4013.01,1
123,2024-01-07 12:00:00,2024-01-07 20:00:00,SHORT,2237.05,2248.6,FLIP,8.0,-20.72,4.02,-0.8,0.4,3.62,-24.34,-0.61,LOSS,3988.67,1
124,2024-01-07 20:00:00,2024-01-08 00:00:00,LONG,2248.6,2221.42,FLIP,4.0,-48.21,3.96,0.4,0.2,4.56,-52.77,-1.32,LOSS,3935.9,1
125,2024-01-08 00:00:00,2024-01-08 16:00:00,SHORT,2221.42,2269.59,FLIP,16.0,-85.35,3.98,-1.59,0.8,3.18,-88.53,-2.25,LOSS,3847.37,1
126,2024-01-08 16:00:00,2024-01-22 12:00:00,LONG,2269.59,2381.34,FLIP,332.0,189.44,3.94,32.72,16.36,53.02,136.42,3.55,WIN,3983.79,1
127,2024-01-22 12:00:00,2024-01-30 16:00:00,SHORT,2381.34,2340.91,FLIP,196.0,67.64,3.95,-19.35,9.68,-5.73,73.36,1.84,WIN,4057.15,1
128,2024-01-30 16:00:00,2024-01-31 12:00:00,LONG,2340.91,2300.18,FLIP,20.0,-70.59,4.02,2.01,1.01,7.04,-77.63,-1.91,LOSS,3979.52,1
129,2024-01-31 12:00:00,2024-02-06 16:00:00,SHORT,2300.18,2343.73,FLIP,148.0,-75.35,4.02,-14.86,7.43,-3.41,-71.93,-1.81,LOSS,3907.59,1
130,2024-02-06 16:00:00,2024-03-19 04:00:00,LONG,2343.73,3419.18,FLIP,996.0,1793.05,4.8,119.62,59.81,184.24,1608.81,41.17,WIN,5516.4,1
131,2024-03-19 04:00:00,2024-03-21 00:00:00,SHORT,3419.18,3516.53,FLIP,44.0,-157.06,5.59,-6.15,3.08,2.52,-159.58,-2.89,LOSS,5356.82,1
132,2024-03-21 00:00:00,2024-03-22 12:00:00,LONG,3516.53,3405.18,FLIP,36.0,-169.62,5.27,4.74,2.37,12.39,-182.01,-3.4,LOSS,5174.81,1
133,2024-03-22 12:00:00,2024-03-25 00:00:00,SHORT,3405.18,3454.99,FLIP,60.0,-75.7,5.21,-7.82,3.91,1.3,-77.0,-1.49,LOSS,5097.81,1
134,2024-03-25 00:00:00,2024-04-01 16:00:00,LONG,3454.99,3444.04,FLIP,184.0,-16.16,5.09,23.41,11.71,40.21,-56.37,-1.11,LOSS,5041.44,1
135,2024-04-01 16:00:00,2024-04-01 20:00:00,SHORT,3444.04,3486.33,FLIP,4.0,-61.9,5.07,-0.51,0.25,4.82,-66.72,-1.32,LOSS,4974.72,1
136,2024-04-01 20:00:00,2024-04-02 04:00:00,LONG,3486.33,3366.07,FLIP,8.0,-171.6,4.89,0.98,0.49,6.36,-177.96,-3.58,LOSS,4796.76,1
137,2024-04-02 04:00:00,2024-04-08 00:00:00,SHORT,3366.07,3454.2,FLIP,140.0,-125.59,4.86,-17.01,8.5,-3.64,-121.94,-2.54,LOSS,4674.82,1
138,2024-04-08 00:00:00,2024-04-08 04:00:00,LONG,3454.2,3422.99,FLIP,4.0,-42.24,4.65,0.47,0.23,5.35,-47.59,-1.02,LOSS,4627.23,1
139,2024-04-08 04:00:00,2024-04-08 08:00:00,SHORT,3422.99,3473.88,FLIP,4.0,-68.79,4.66,-0.47,0.23,4.43,-73.22,-1.58,LOSS,4554.01,1
140,2024-04-08 08:00:00,2024-04-12 16:00:00,LONG,3473.88,3440.7,FLIP,104.0,-43.5,4.53,11.78,5.89,22.21,-65.7,-1.44,LOSS,4488.3,1
141,2024-04-12 16:00:00,2024-04-28 04:00:00,SHORT,3440.7,3308.86,FLIP,372.0,171.98,4.4,-40.94,20.47,-16.07,188.05,4.19,WIN,4676.35,1
142,2024-04-28 04:00:00,2024-04-29 00:00:00,LONG,3308.86,3263.44,FLIP,20.0,-64.19,4.64,2.32,1.16,8.13,-72.32,-1.55,LOSS,4604.03,1
143,2024-04-29 00:00:00,2024-05-17 16:00:00,SHORT,3263.44,3111.54,FLIP,448.0,214.3,4.5,-50.37,25.18,-20.69,234.98,5.1,WIN,4839.02,1
144,2024-05-17 16:00:00,2024-05-19 16:00:00,LONG,3111.54,3077.25,FLIP,48.0,-53.33,4.81,5.77,2.89,13.47,-66.8,-1.38,LOSS,4772.22,1
145,2024-05-19 16:00:00,2024-05-20 04:00:00,SHORT,3077.25,3087.2,FLIP,12.0,-15.43,4.78,-1.43,0.72,4.06,-19.49,-0.41,LOSS,4752.72,1
146,2024-05-20 04:00:00,2024-06-11 08:00:00,LONG,3087.2,3534.6,FLIP,532.0,688.77,5.1,67.79,33.9,106.78,581.98,12.25,WIN,5334.71,1
147,2024-06-11 08:00:00,2024-06-12 16:00:00,SHORT,3534.6,3618.32,FLIP,32.0,-126.36,5.4,-4.32,2.16,3.24,-129.6,-2.43,LOSS,5205.11,1
148,2024-06-12 16:00:00,2024-06-12 20:00:00,LONG,3618.32,3529.01,FLIP,4.0,-128.48,5.14,0.51,0.26,5.91,-134.39,-2.58,LOSS,5070.72,1
149,2024-06-12 20:00:00,2024-06-16 00:00:00,SHORT,3529.01,3568.75,FLIP,76.0,-57.1,5.1,-9.69,4.84,0.25,-57.36,-1.13,LOSS,5013.37,1
150,2024-06-16 00:00:00,2024-06-16 04:00:00,LONG,3568.75,3555.01,FLIP,4.0,-19.3,5.0,0.5,0.25,5.75,-25.06,-0.5,LOSS,4988.31,1
151,2024-06-16 04:00:00,2024-06-16 16:00:00,SHORT,3555.01,3591.88,FLIP,12.0,-51.74,5.01,-1.5,0.75,4.26,-56.0,-1.12,LOSS,4932.32,1
152,2024-06-16 16:00:00,2024-06-17 08:00:00,LONG,3591.88,3552.68,FLIP,16.0,-53.83,4.91,1.96,0.98,7.85,-61.68,-1.25,LOSS,4870.64,1
153,2024-06-17 08:00:00,2024-06-19 04:00:00,SHORT,3552.68,3565.93,FLIP,44.0,-18.17,4.88,-5.37,2.68,2.2,-20.36,-0.42,LOSS,4850.28,1
154,2024-06-19 04:00:00,2024-06-19 08:00:00,LONG,3565.93,3544.31,FLIP,4.0,-29.41,4.84,0.48,0.24,5.56,-34.97,-0.72,LOSS,4815.31,1
155,2024-06-19 08:00:00,2024-06-20 00:00:00,SHORT,3544.31,3560.51,FLIP,16.0,-22.01,4.83,-1.93,0.97,3.86,-25.87,-0.54,LOSS,4789.44,1
156,2024-06-20 00:00:00,2024-06-20 04:00:00,LONG,3560.51,3553.65,FLIP,4.0,-9.23,4.78,0.48,0.24,5.5,-14.73,-0.31,LOSS,4774.71,1
157,2024-06-20 04:00:00,2024-06-20 08:00:00,SHORT,3553.65,3607.87,FLIP,4.0,-72.85,4.81,-0.48,0.24,4.57,-77.42,-1.62,LOSS,4697.29,1
158,2024-06-20 08:00:00,2024-06-20 16:00:00,LONG,3607.87,3506.61,FLIP,8.0,-131.84,4.63,0.93,0.46,6.02,-137.86,-2.93,LOSS,4559.43,1
159,2024-06-20 16:00:00,2024-07-01 04:00:00,SHORT,3506.61,3498.23,FLIP,252.0,10.9,4.55,-28.69,14.35,-9.79,20.69,0.45,WIN,4580.12,1
160,2024-07-01 04:00:00,2024-07-01 08:00:00,LONG,3498.23,3490.59,FLIP,4.0,-10.0,4.58,0.46,0.23,5.26,-15.26,-0.33,LOSS,4564.85,1
161,2024-07-01 08:00:00,2024-07-15 04:00:00,SHORT,3490.59,3329.37,FLIP,332.0,210.84,4.46,-37.01,18.51,-14.05,224.88,4.93,WIN,4789.74,1
162,2024-07-15 04:00:00,2024-07-25 00:00:00,LONG,3329.37,3335.82,FLIP,236.0,9.28,4.79,28.29,14.14,47.22,-37.95,-0.79,LOSS,4751.79,1
163,2024-07-25 00:00:00,2024-07-29 04:00:00,SHORT,3335.82,3348.98,FLIP,100.0,-18.75,4.76,-11.9,5.95,-1.19,-17.56,-0.37,LOSS,4734.24,1
164,2024-07-29 04:00:00,2024-07-29 16:00:00,LONG,3348.98,3308.66,FLIP,12.0,-57.0,4.71,1.41,0.71,6.82,-63.82,-1.35,LOSS,4670.41,1
165,2024-07-29 16:00:00,2024-07-30 08:00:00,SHORT,3308.66,3340.9,FLIP,16.0,-45.51,4.69,-1.88,0.94,3.75,-49.26,-1.05,LOSS,4621.15,1
166,2024-07-30 08:00:00,2024-07-30 12:00:00,LONG,3340.9,3334.66,FLIP,4.0,-8.63,4.62,0.46,0.23,5.31,-13.94,-0.3,LOSS,4607.21,1
167,2024-07-30 12:00:00,2024-09-20 04:00:00,SHORT,3334.66,2520.56,FLIP,1240.0,1124.77,4.04,-125.39,62.69,-58.65,1183.42,25.69,WIN,5790.63,1
168,2024-09-20 04:00:00,2024-10-01 16:00:00,LONG,2520.56,2524.81,FLIP,276.0,9.76,5.8,39.99,19.99,65.78,-56.02,-0.97,LOSS,5734.62,1
169,2024-10-01 16:00:00,2024-10-14 04:00:00,SHORT,2524.81,2521.11,FLIP,300.0,8.4,5.73,-42.98,21.49,-15.76,24.16,0.42,WIN,5758.78,1
170,2024-10-14 04:00:00,2024-10-23 16:00:00,LONG,2521.11,2540.21,FLIP,228.0,43.63,5.78,32.95,16.47,55.2,-11.58,-0.2,LOSS,5747.2,1
171,2024-10-23 16:00:00,2024-10-29 00:00:00,SHORT,2540.21,2567.49,FLIP,128.0,-61.72,5.78,-18.49,9.24,-3.47,-58.25,-1.01,LOSS,5688.95,1
172,2024-10-29 00:00:00,2024-10-31 20:00:00,LONG,2567.49,2514.34,FLIP,68.0,-117.77,5.63,9.57,4.79,19.99,-137.75,-2.42,LOSS,5551.19,1
173,2024-10-31 20:00:00,2024-11-06 04:00:00,SHORT,2514.34,2579.31,FLIP,128.0,-143.44,5.62,-17.99,9.0,-3.37,-140.07,-2.52,LOSS,5411.13,1
174,2024-11-06 04:00:00,2024-12-19 16:00:00,LONG,2579.31,3613.92,FLIP,1044.0,2170.51,6.5,169.56,84.78,260.83,1909.68,35.29,WIN,7320.8,1
175,2024-12-19 16:00:00,2025-01-03 16:00:00,SHORT,3613.92,3565.14,FLIP,360.0,98.81,7.27,-65.44,32.72,-25.45,124.26,1.7,WIN,7445.07,1
176,2025-01-03 16:00:00,2025-01-07 16:00:00,LONG,3565.14,3462.65,FLIP,96.0,-214.03,7.34,17.61,8.81,33.76,-247.78,-3.33,LOSS,7197.28,1
177,2025-01-07 16:00:00,2025-01-15 20:00:00,SHORT,3462.65,3434.99,FLIP,196.0,57.49,7.17,-35.13,17.56,-10.39,67.89,0.94,WIN,7265.17,1
178,2025-01-15 20:00:00,2025-01-16 04:00:00,LONG,3434.99,3363.38,FLIP,8.0,-151.46,7.19,1.44,0.72,9.35,-160.8,-2.21,LOSS,7104.36,1
179,2025-01-16 04:00:00,2025-01-17 12:00:00,SHORT,3363.38,3423.25,FLIP,32.0,-126.46,7.17,-5.73,2.87,4.3,-130.76,-1.84,LOSS,6973.6,1
180,2025-01-17 12:00:00,2025-01-18 04:00:00,LONG,3423.25,3384.08,FLIP,16.0,-79.79,6.93,2.77,1.39,11.09,-90.89,-1.3,LOSS,6882.71,1
181,2025-01-18 04:00:00,2025-01-19 20:00:00,SHORT,3384.08,3418.93,FLIP,40.0,-70.88,6.92,-6.92,3.46,3.46,-74.34,-1.08,LOSS,6808.38,1
182,2025-01-19 20:00:00,2025-01-20 00:00:00,LONG,3418.93,3215.2,FLIP,4.0,-405.7,6.61,0.66,0.33,7.6,-413.3,-6.07,LOSS,6395.08,1
183,2025-01-20 00:00:00,2025-01-24 08:00:00,SHORT,3215.2,3380.79,FLIP,104.0,-329.36,6.56,-17.06,8.53,-1.97,-327.39,-5.12,LOSS,6067.68,1
184,2025-01-24 08:00:00,2025-01-24 20:00:00,LONG,3380.79,3368.7,FLIP,12.0,-21.7,6.06,1.82,0.91,8.78,-30.48,-0.5,LOSS,6037.2,1
185,2025-01-24 20:00:00,2025-01-31 12:00:00,SHORT,3368.7,3335.16,FLIP,160.0,60.11,6.01,-24.03,12.01,-6.01,66.12,1.1,WIN,6103.32,1
186,2025-01-31 12:00:00,2025-02-01 00:00:00,LONG,3335.16,3300.99,FLIP,12.0,-62.53,6.07,1.82,0.91,8.8,-71.34,-1.17,LOSS,6031.98,1
187,2025-02-01 00:00:00,2025-04-23 00:00:00,SHORT,3300.99,1756.25,FLIP,1944.0,2822.74,4.62,-224.56,112.28,-107.66,2930.4,48.58,WIN,8962.39,1
188,2025-04-23 00:00:00,2025-04-30 16:00:00,LONG,1756.25,1764.73,FLIP,184.0,43.27,8.98,41.33,20.66,70.97,-27.7,-0.31,LOSS,8934.69,1
189,2025-04-30 16:00:00,2025-04-30 20:00:00,SHORT,1764.73,1786.7,FLIP,4.0,-111.23,8.99,-0.9,0.45,8.54,-119.77,-1.34,LOSS,8814.91,1
190,2025-04-30 20:00:00,2025-05-06 12:00:00,LONG,1786.7,1769.92,FLIP,136.0,-82.79,8.77,29.83,14.91,53.52,-136.3,-1.55,LOSS,8678.61,1
191,2025-05-06 12:00:00,2025-05-06 20:00:00,SHORT,1769.92,1784.8,FLIP,8.0,-72.96,8.72,-1.74,0.87,7.84,-80.81,-0.93,LOSS,8597.8,1
192,2025-05-06 20:00:00,2025-06-06 00:00:00,LONG,1784.8,2414.02,FLIP,724.0,3031.1,10.11,183.05,91.53,284.69,2746.41,31.94,WIN,11344.21,1
193,2025-06-06 00:00:00,2025-06-06 04:00:00,SHORT,2414.02,2455.7,FLIP,4.0,-195.87,11.44,-1.14,0.57,10.87,-206.74,-1.82,LOSS,11137.48,1
194,2025-06-06 04:00:00,2025-06-17 16:00:00,LONG,2455.7,2499.01,FLIP,276.0,196.43,11.24,77.53,38.76,127.53,68.9,0.62,WIN,11206.38,1
195,2025-06-17 16:00:00,2025-06-17 20:00:00,SHORT,2499.01,2528.36,FLIP,4.0,-131.61,11.27,-1.13,0.56,10.71,-142.32,-1.27,LOSS,11064.05,1
196,2025-06-17 20:00:00,2025-06-18 00:00:00,LONG,2528.36,2509.95,FLIP,4.0,-80.56,11.02,1.1,0.55,12.68,-93.24,-0.84,LOSS,10970.81,1
197,2025-06-18 00:00:00,2025-06-18 04:00:00,SHORT,2509.95,2527.96,FLIP,4.0,-78.72,11.01,-1.1,0.55,10.46,-89.18,-0.81,LOSS,10881.63,1
198,2025-06-18 04:00:00,2025-06-18 12:00:00,LONG,2527.96,2513.86,FLIP,8.0,-60.69,10.85,2.17,1.09,14.11,-74.8,-0.69,LOSS,10806.83,1
199,2025-06-18 12:00:00,2025-06-19 00:00:00,SHORT,2513.86,2525.0,FLIP,12.0,-47.89,10.83,-3.25,1.62,9.21,-57.1,-0.53,LOSS,10749.74,1
200,2025-06-19 00:00:00,2025-06-19 16:00:00,LONG,2525.0,2492.97,FLIP,16.0,-136.36,10.68,4.27,2.14,17.09,-153.45,-1.43,LOSS,10596.29,1
201,2025-06-19 16:00:00,2025-06-20 00:00:00,SHORT,2492.97,2521.13,FLIP,8.0,-119.69,10.66,-2.13,1.07,9.59,-129.28,-1.22,LOSS,10467.0,1
202,2025-06-20 00:00:00,2025-06-20 16:00:00,LONG,2521.13,2493.78,FLIP,16.0,-113.55,10.41,4.16,2.08,16.66,-130.21,-1.24,LOSS,10336.8,1
203,2025-06-20 16:00:00,2025-06-26 04:00:00,SHORT,2493.78,2488.79,FLIP,132.0,20.68,10.33,-34.08,17.04,-6.71,27.4,0.27,WIN,10364.19,1
204,2025-06-26 04:00:00,2025-06-26 12:00:00,LONG,2488.79,2450.35,FLIP,8.0,-160.08,10.28,2.06,1.03,13.37,-173.45,-1.67,LOSS,10190.74,1
205,2025-06-26 12:00:00,2025-06-30 00:00:00,SHORT,2450.35,2500.09,FLIP,84.0,-206.86,10.29,-21.62,10.81,-0.51,-206.35,-2.02,LOSS,9984.4,1
206,2025-06-30 00:00:00,2025-06-30 12:00:00,LONG,2500.09,2458.51,FLIP,12.0,-166.05,9.9,2.97,1.49,14.36,-180.41,-1.81,LOSS,9803.98,1
207,2025-06-30 12:00:00,2025-06-30 16:00:00,SHORT,2458.51,2474.77,FLIP,4.0,-64.84,9.84,-0.98,0.49,9.34,-74.19,-0.76,LOSS,9729.8,1
208,2025-06-30 16:00:00,2025-07-01 08:00:00,LONG,2474.77,2465.03,FLIP,16.0,-38.29,9.71,3.88,1.94,15.54,-53.83,-0.55,LOSS,9675.97,1
209,2025-07-01 08:00:00,2025-07-02 16:00:00,SHORT,2465.03,2498.82,FLIP,32.0,-132.64,9.74,-7.79,3.9,5.85,-138.48,-1.43,LOSS,9537.49,1
210,2025-07-02 16:00:00,2025-09-06 20:00:00,LONG,2498.82,4255.48,FLIP,1588.0,6704.81,12.89,511.73,255.86,780.48,5924.33,62.12,WIN,15461.82,1
211,2025-09-06 20:00:00,2025-09-07 00:00:00,SHORT,4255.48,4273.15,FLIP,4.0,-64.2,15.49,-1.55,0.77,14.72,-78.92,-0.51,LOSS,15382.9,1
212,2025-09-07 00:00:00,2025-09-22 04:00:00,LONG,4273.15,4305.87,FLIP,364.0,117.79,15.44,140.52,70.26,226.22,-108.43,-0.7,LOSS,15274.46,1
213,2025-09-22 04:00:00,2025-10-01 12:00:00,SHORT,4305.87,4298.21,FLIP,224.0,27.17,15.26,-85.46,42.73,-27.47,54.64,0.36,WIN,15329.1,1
214,2025-10-01 12:00:00,2025-10-09 16:00:00,LONG,4298.21,4314.78,FLIP,196.0,59.1,15.36,75.26,37.63,128.24,-69.15,-0.45,LOSS,15259.96,1
215,2025-10-09 16:00:00,2025-10-10 00:00:00,SHORT,4314.78,4368.09,FLIP,8.0,-188.54,15.35,-3.07,1.54,13.82,-202.36,-1.33,LOSS,15057.6,1
216,2025-10-10 00:00:00,2025-10-10 04:00:00,LONG,4368.09,4347.12,FLIP,4.0,-72.29,15.02,1.5,0.75,17.27,-89.56,-0.59,LOSS,14968.03,1
217,2025-10-10 04:00:00,2025-10-27 00:00:00,SHORT,4347.12,4158.46,FLIP,404.0,649.6,14.64,-147.9,73.95,-59.31,708.9,4.74,WIN,15676.94,1
218,2025-10-27 00:00:00,2025-10-28 04:00:00,LONG,4158.46,4094.31,FLIP,28.0,-241.84,15.56,10.89,5.44,31.89,-273.73,-1.75,LOSS,15403.21,1
219,2025-10-28 04:00:00,2025-10-28 08:00:00,SHORT,4094.31,4117.25,FLIP,4.0,-86.3,15.45,-1.54,0.77,14.67,-100.98,-0.66,LOSS,15302.23,1
220,2025-10-28 08:00:00,2025-10-28 16:00:00,LONG,4117.25,4096.86,FLIP,8.0,-75.78,15.26,3.05,1.53,19.84,-95.63,-0.62,LOSS,15206.6,1
221,2025-10-28 16:00:00,2025-12-04 04:00:00,SHORT,4096.86,3210.12,FLIP,876.0,3291.38,13.56,-296.98,148.49,-134.93,3426.31,22.53,WIN,18632.91,1
222,2025-12-04 04:00:00,2025-12-04 08:00:00,LONG,3210.12,3190.1,FLIP,4.0,-116.2,18.57,1.86,0.93,21.36,-137.57,-0.74,LOSS,18495.35,1
223,2025-12-04 08:00:00,2025-12-04 16:00:00,SHORT,3190.1,3208.15,FLIP,8.0,-104.65,18.55,-3.71,1.85,16.69,-121.34,-0.66,LOSS,18374.0,1
224,2025-12-04 16:00:00,2025-12-04 20:00:00,LONG,3208.15,3119.26,FLIP,4.0,-509.1,18.12,1.81,0.91,20.84,-529.94,-2.88,LOSS,17844.07,1
225,2025-12-04 20:00:00,2025-12-09 16:00:00,SHORT,3119.26,3245.88,FLIP,116.0,-724.34,18.21,-52.8,26.4,-8.19,-716.15,-4.01,LOSS,17127.92,1
226,2025-12-09 16:00:00,2025-12-11 16:00:00,LONG,3245.88,3179.24,FLIP,48.0,-351.65,16.95,20.34,10.17,47.47,-399.11,-2.33,LOSS,16728.8,1
227,2025-12-11 16:00:00,2025-12-11 20:00:00,SHORT,3179.24,3194.52,FLIP,4.0,-80.4,16.77,-1.68,0.84,15.93,-96.33,-0.58,LOSS,16632.47,1
228,2025-12-11 20:00:00,2025-12-12 16:00:00,LONG,3194.52,3071.4,FLIP,20.0,-641.03,16.31,8.16,4.08,28.55,-669.58,-4.03,LOSS,15962.89,1
229,2025-12-12 16:00:00,2025-12-31 16:00:00,SHORT,3071.4,2971.15,OPEN,456.0,521.03,15.7,-179.01,89.5,-73.8,594.83,3.73,WIN,16557.72,1
