entry_time,exit_time,direction,entry_price,sl,tp,exit_price,outcome,pnl_gross,cost,pnl_net,rr_actual,result,capital,trend_1d,rsi,rsi_ma
2024-01-01 05:00:00,2024-01-02 00:00:00,LONG,2279.54,2273.8,2365.64,2365.64,TP,538.23,14.52,523.71,14.6,WIN,3023.71,bullish,43.24,46.06
2024-01-02 08:00:00,2024-01-02 14:00:00,LONG,2385.84,2373.86,2565.54,2373.86,SL,-60.47,12.01,-72.49,-1.2,LOSS,2951.23,bullish,70.04,70.96
2024-01-02 17:00:00,2024-01-02 18:00:00,LONG,2367.92,2357.48,2524.52,2357.48,SL,-59.02,13.36,-72.38,-1.23,LOSS,2878.84,bullish,51.2,64.57
2024-01-02 22:00:00,2024-01-02 23:00:00,LONG,2366.33,2359.86,2463.38,2359.86,SL,-44.87,16.39,-61.25,-1.37,LOSS,2817.59,bullish,50.81,56.95
2024-01-03 01:00:00,2024-01-03 11:00:00,LONG,2361.39,2355.35,2451.99,2355.35,SL,-41.08,16.04,-57.12,-1.39,LOSS,2760.47,bullish,49.3,51.94
2024-01-03 16:00:00,2024-01-03 18:00:00,LONG,2240.39,2193.76,2939.84,2193.76,SL,-55.21,2.62,-57.83,-1.05,LOSS,2702.64,bullish,32.17,42.42
2024-01-03 20:00:00,2024-01-03 23:00:00,LONG,2206.54,2198.23,2331.19,2198.23,SL,-54.05,14.33,-68.38,-1.27,LOSS,2634.26,bullish,29.51,35.68
2024-01-05 18:00:00,2024-01-07 22:00:00,LONG,2232.1,2211.82,2536.3,2211.82,SL,-52.69,5.77,-58.46,-1.11,LOSS,2575.8,bullish,44.33,44.65
2024-01-08 00:00:00,2024-01-08 01:00:00,LONG,2221.42,2216.4,2296.72,2216.4,SL,-33.18,14.67,-47.84,-1.44,LOSS,2527.96,bullish,40.73,47.54
2024-01-08 04:00:00,2024-01-08 17:00:00,LONG,2190.88,2183.79,2297.23,2297.23,TP,699.46,14.76,684.7,14.68,WIN,3212.66,bullish,34.97,43.15
2024-01-09 05:00:00,2024-01-09 06:00:00,LONG,2315.2,2309.12,2406.4,2309.12,SL,-48.09,18.29,-66.38,-1.38,LOSS,3146.28,bullish,60.83,66.75
2024-01-09 08:00:00,2024-01-09 09:00:00,LONG,2306.05,2302.0,2366.8,2302.0,SL,-31.5,17.92,-49.41,-1.57,LOSS,3096.87,bullish,56.49,64.71
2024-01-09 14:00:00,2024-01-09 15:00:00,LONG,2275.25,2264.2,2441.0,2264.2,SL,-61.94,12.72,-74.66,-1.21,LOSS,3022.21,bullish,45.05,54.2
2024-01-10 14:00:00,2024-01-11 11:00:00,LONG,2377.84,2359.61,2651.29,2651.29,TP,906.66,8.34,898.32,14.86,WIN,3920.53,bullish,55.68,62.05
2024-01-11 18:00:00,2024-01-11 20:00:00,LONG,2602.46,2588.01,2819.21,2588.01,SL,-78.41,14.08,-92.49,-1.18,LOSS,3828.04,bullish,55.78,66.22
2024-01-11 22:00:00,2024-01-12 00:00:00,LONG,2603.79,2593.93,2751.69,2593.93,SL,-76.56,20.18,-96.74,-1.26,LOSS,3731.3,bullish,54.8,62.75
2024-01-12 03:00:00,2024-01-12 04:00:00,LONG,2607.72,2593.01,2828.37,2593.01,SL,-74.63,13.19,-87.82,-1.18,LOSS,3643.48,bullish,54.58,57.38
2024-01-12 09:00:00,2024-01-12 14:00:00,LONG,2601.93,2595.72,2695.08,2695.08,TP,743.5,21.14,722.36,14.57,WIN,4365.84,bullish,52.49,54.05
2024-01-13 00:00:00,2024-01-13 01:00:00,LONG,2522.55,2498.6,2881.8,2498.6,SL,-87.32,9.15,-96.47,-1.1,LOSS,4269.37,bullish,37.48,50.55
2024-01-14 06:00:00,2024-01-14 07:00:00,LONG,2552.64,2543.95,2682.99,2543.95,SL,-85.39,25.04,-110.43,-1.29,LOSS,4158.94,bullish,46.3,50.68
2024-01-14 15:00:00,2024-01-14 16:00:00,LONG,2540.93,2533.8,2647.88,2533.8,SL,-66.52,23.67,-90.19,-1.36,LOSS,4068.75,bullish,42.92,44.39
2024-01-14 21:00:00,2024-01-14 23:00:00,LONG,2508.94,2500.99,2628.19,2500.99,SL,-73.49,23.16,-96.64,-1.32,LOSS,3972.1,bullish,33.49,39.93
2024-01-15 16:00:00,2024-01-15 22:00:00,LONG,2514.49,2508.01,2611.69,2508.01,SL,-58.35,22.61,-80.96,-1.39,LOSS,3891.15,bullish,45.7,48.66
2024-01-16 02:00:00,2024-01-16 14:00:00,LONG,2514.16,2509.21,2588.41,2509.21,SL,-43.67,22.16,-65.83,-1.51,LOSS,3825.32,bullish,45.37,49.33
2024-01-17 11:00:00,2024-01-17 12:00:00,LONG,2553.0,2544.36,2682.6,2544.36,SL,-76.51,22.57,-99.07,-1.29,LOSS,3726.25,bullish,47.33,54.26
2024-01-17 15:00:00,2024-01-17 16:00:00,LONG,2550.16,2543.77,2646.01,2543.77,SL,-53.22,21.21,-74.43,-1.4,LOSS,3651.81,bullish,47.39,48.93
2024-01-18 12:00:00,2024-01-18 13:00:00,LONG,2522.42,2516.25,2614.97,2516.25,SL,-50.92,20.79,-71.71,-1.41,LOSS,3580.11,bullish,41.32,43.53
2024-01-18 21:00:00,2024-01-19 16:00:00,LONG,2446.44,2439.5,2550.54,2439.5,SL,-57.89,20.38,-78.27,-1.35,LOSS,3501.84,bullish,26.16,38.57
2024-01-20 07:00:00,2024-01-20 08:00:00,LONG,2482.47,2477.54,2556.42,2477.54,SL,-39.64,19.94,-59.58,-1.5,LOSS,3442.26,bullish,49.86,50.95
2024-01-20 11:00:00,2024-01-20 14:00:00,LONG,2470.54,2465.95,2539.39,2465.95,SL,-36.45,19.6,-56.06,-1.54,LOSS,3386.2,bullish,45.47,49.27
2024-01-21 17:00:00,2024-01-21 20:00:00,LONG,2471.81,2468.01,2528.81,2468.01,SL,-29.67,19.29,-48.96,-1.65,LOSS,3337.24,bullish,48.72,51.6
2024-01-21 22:00:00,2024-01-21 23:00:00,LONG,2473.42,2467.3,2565.22,2467.3,SL,-47.07,19.0,-66.07,-1.4,LOSS,3271.18,bullish,50.29,50.88
2024-01-22 01:00:00,2024-01-22 02:00:00,LONG,2462.12,2457.06,2538.02,2457.06,SL,-38.32,18.63,-56.95,-1.49,LOSS,3214.23,bullish,43.14,48.09
2024-01-22 06:00:00,2024-01-22 08:00:00,LONG,2427.14,2416.6,2585.24,2416.6,SL,-64.28,14.77,-79.06,-1.23,LOSS,3135.18,bullish,32.62,40.69
2024-01-22 14:00:00,2024-01-22 15:00:00,LONG,2387.85,2377.36,2545.2,2377.36,SL,-62.7,14.24,-76.95,-1.23,LOSS,3058.23,bullish,28.39,28.72
2024-01-23 11:00:00,2024-01-23 12:00:00,LONG,2223.35,2216.11,2331.95,2216.11,SL,-56.76,17.4,-74.17,-1.31,LOSS,2984.06,bullish,20.63,31.71
2024-01-23 16:00:00,2024-01-23 18:00:00,LONG,2219.39,2195.26,2581.34,2195.26,SL,-59.68,5.46,-65.14,-1.09,LOSS,2918.92,bullish,29.0,29.14
2024-01-24 02:00:00,2024-01-24 07:00:00,SHORT,2222.92,2244.43,1900.27,2244.43,SL,-58.38,6.06,-64.44,-1.1,LOSS,2854.48,bearish,40.35,30.59
2024-01-24 12:00:00,2024-01-26 11:00:00,SHORT,2244.16,2256.19,2063.71,2256.19,SL,-57.09,10.68,-67.77,-1.19,LOSS,2786.71,bearish,49.74,44.39
2024-01-26 13:00:00,2024-01-26 14:00:00,SHORT,2247.54,2254.02,2150.34,2254.02,SL,-45.8,15.91,-61.7,-1.35,LOSS,2725.01,bearish,60.5,51.54
2024-01-26 18:00:00,2024-01-27 00:00:00,SHORT,2268.96,2279.55,2110.11,2279.55,SL,-54.5,11.7,-66.2,-1.21,LOSS,2658.8,bearish,63.33,55.49
2024-01-27 10:00:00,2024-01-28 19:00:00,LONG,2266.0,2253.95,2446.75,2253.95,SL,-53.18,9.97,-63.15,-1.19,LOSS,2595.66,bullish,55.46,58.38
2024-01-28 21:00:00,2024-01-28 22:00:00,LONG,2261.85,2253.88,2381.4,2253.88,SL,-51.91,14.71,-66.62,-1.28,LOSS,2529.04,bullish,43.2,49.83
2024-01-29 00:00:00,2024-01-29 13:00:00,LONG,2256.9,2249.39,2369.55,2249.39,SL,-47.97,14.39,-62.36,-1.3,LOSS,2466.68,bullish,42.55,46.02
2024-01-30 08:00:00,2024-01-30 09:00:00,LONG,2309.3,2304.1,2387.3,2304.1,SL,-31.66,14.04,-45.7,-1.44,LOSS,2420.97,bullish,58.64,61.79
2024-01-30 11:00:00,2024-01-30 12:00:00,LONG,2314.95,2304.4,2473.2,2304.4,SL,-48.42,10.6,-59.02,-1.22,LOSS,2361.95,bullish,60.63,60.92
2024-01-30 15:00:00,2024-01-31 10:00:00,LONG,2313.3,2305.72,2427.0,2305.72,SL,-44.11,13.44,-57.56,-1.3,LOSS,2304.4,bullish,58.33,58.7
2024-01-31 12:00:00,2024-01-31 21:00:00,LONG,2300.18,2284.01,2542.73,2284.01,SL,-46.09,6.53,-52.62,-1.14,LOSS,2251.78,bullish,39.41,50.08
2024-01-31 23:00:00,2024-02-01 00:00:00,LONG,2285.75,2278.99,2387.15,2278.99,SL,-37.96,12.82,-50.78,-1.34,LOSS,2201.0,bullish,38.83,44.36
2024-02-01 03:00:00,2024-02-09 11:00:00,LONG,2260.49,2245.19,2489.99,2489.99,TP,660.3,6.83,653.47,14.84,WIN,2854.47,bullish,35.91,43.66
2024-02-09 18:00:00,2024-02-09 19:00:00,LONG,2497.19,2486.77,2653.49,2486.77,SL,-57.09,13.65,-70.74,-1.24,LOSS,2783.72,bullish,63.71,65.82
2024-02-09 21:00:00,2024-02-09 23:00:00,LONG,2489.85,2485.96,2548.2,2485.96,SL,-24.79,15.85,-40.64,-1.64,LOSS,2743.08,bullish,58.61,65.68
2024-02-10 02:00:00,2024-02-10 08:00:00,LONG,2498.27,2485.94,2683.22,2485.94,SL,-54.86,11.09,-65.95,-1.2,LOSS,2677.13,bullish,59.27,62.56
2024-02-10 12:00:00,2024-02-12 09:00:00,LONG,2483.11,2474.31,2615.11,2474.31,SL,-53.54,15.08,-68.62,-1.28,LOSS,2608.5,bullish,48.71,55.73
2024-02-13 05:00:00,2024-02-13 13:00:00,LONG,2646.69,2640.46,2740.14,2640.46,SL,-35.0,14.85,-49.85,-1.42,LOSS,2558.65,bullish,66.71,74.85
2024-02-13 18:00:00,2024-02-18 22:00:00,LONG,2619.65,2602.74,2873.3,2873.3,TP,767.6,8.31,759.29,14.84,WIN,3317.94,bullish,48.72,61.75
2024-02-19 15:00:00,2024-02-19 16:00:00,LONG,2900.79,2894.06,3001.74,2894.06,SL,-43.88,18.89,-62.77,-1.43,LOSS,3255.17,bullish,61.72,69.91
2024-02-20 03:00:00,2024-02-20 04:00:00,LONG,2926.81,2921.6,3004.96,2921.6,SL,-33.03,18.54,-51.57,-1.56,LOSS,3203.61,bullish,55.77,63.33
2024-02-20 11:00:00,2024-02-20 15:00:00,LONG,2919.61,2900.44,3207.16,2900.44,SL,-64.07,9.73,-73.8,-1.15,LOSS,3129.81,bullish,52.0,56.5
2024-02-20 18:00:00,2024-02-21 09:00:00,LONG,2917.29,2897.15,3219.39,2897.15,SL,-62.6,9.04,-71.63,-1.14,LOSS,3058.17,bullish,49.19,53.23
2024-02-21 11:00:00,2024-02-21 12:00:00,LONG,2916.16,2900.2,3155.56,2900.2,SL,-61.16,11.15,-72.31,-1.18,LOSS,2985.87,bullish,41.59,54.41
2024-02-21 16:00:00,2024-02-21 18:00:00,LONG,2914.81,2892.22,3253.66,2892.22,SL,-59.72,7.68,-67.39,-1.13,LOSS,2918.47,bullish,44.69,47.17
2024-02-22 15:00:00,2024-02-23 02:00:00,LONG,2966.02,2944.68,3286.12,2944.68,SL,-58.37,8.08,-66.45,-1.14,LOSS,2852.02,bullish,51.88,54.74
2024-02-23 04:00:00,2024-02-23 07:00:00,LONG,2955.95,2945.09,3118.85,2945.09,SL,-57.04,15.5,-72.54,-1.27,LOSS,2779.48,bullish,46.87,52.8
2024-02-23 10:00:00,2024-02-23 15:00:00,LONG,2939.02,2924.15,3162.07,2924.15,SL,-55.59,10.96,-66.55,-1.2,LOSS,2712.93,bullish,44.61,48.85
2024-02-24 03:00:00,2024-02-26 15:00:00,LONG,2924.0,2909.8,3137.0,3137.0,TP,813.88,11.58,802.3,14.79,WIN,3515.23,bullish,44.83,45.86
2024-02-27 06:00:00,2024-02-27 07:00:00,LONG,3221.5,3211.62,3369.7,3211.62,SL,-61.45,20.01,-81.46,-1.33,LOSS,3433.78,bullish,67.39,68.35
2024-02-27 17:00:00,2024-02-27 18:00:00,LONG,3237.38,3229.77,3351.53,3229.77,SL,-46.01,19.55,-65.56,-1.42,LOSS,3368.22,bullish,59.53,66.77
2024-02-28 01:00:00,2024-02-28 02:00:00,LONG,3254.62,3242.35,3438.67,3242.35,SL,-67.36,17.83,-85.2,-1.26,LOSS,3283.02,bullish,61.46,62.24
2024-02-28 07:00:00,2024-02-28 10:00:00,LONG,3258.94,3251.85,3365.29,3365.29,TP,610.67,19.02,591.66,14.53,WIN,3874.68,bullish,58.78,58.87
2024-02-28 13:00:00,2024-02-28 17:00:00,LONG,3313.22,3296.13,3569.57,3296.13,SL,-77.49,14.98,-92.48,-1.19,LOSS,3782.2,bullish,60.2,62.28
2024-02-29 14:00:00,2024-02-29 15:00:00,LONG,3478.58,3464.61,3688.13,3464.61,SL,-75.64,18.8,-94.44,-1.25,LOSS,3687.76,bullish,61.18,64.52
2024-02-29 20:00:00,2024-02-29 21:00:00,LONG,3403.27,3369.88,3904.12,3369.88,SL,-73.76,7.48,-81.24,-1.1,LOSS,3606.52,bullish,48.55,59.16
2024-03-01 00:00:00,2024-03-04 19:00:00,LONG,3340.1,3322.6,3602.6,3602.6,TP,1081.96,14.31,1067.65,14.8,WIN,4674.17,bullish,41.12,52.2
2024-03-05 09:00:00,2024-03-05 16:00:00,LONG,3692.6,3672.99,3986.75,3672.99,SL,-93.48,17.56,-111.04,-1.19,LOSS,4563.13,bullish,67.4,70.36
2024-03-05 21:00:00,2024-03-05 23:00:00,LONG,3387.81,3376.46,3558.06,3558.06,TP,1368.94,27.93,1341.01,14.69,WIN,5904.14,bullish,27.17,60.21
2024-03-06 04:00:00,2024-03-11 18:00:00,LONG,3538.01,3502.8,4066.16,4066.16,TP,1771.24,12.75,1758.49,14.89,WIN,7662.63,bullish,45.33,46.95
2024-03-12 05:00:00,2024-03-12 06:00:00,LONG,4036.7,4028.69,4156.85,4028.69,SL,-86.67,43.63,-130.3,-1.5,LOSS,7532.33,bullish,56.03,61.84
2024-03-12 10:00:00,2024-03-12 12:00:00,LONG,4009.09,3985.39,4364.59,3985.39,SL,-150.65,25.41,-176.05,-1.17,LOSS,7356.28,bullish,48.99,57.6
2024-03-12 16:00:00,2024-03-12 17:00:00,LONG,3988.46,3979.81,4118.21,3979.81,SL,-90.94,41.89,-132.82,-1.46,LOSS,7223.45,bullish,44.34,51.34
2024-03-12 23:00:00,2024-03-13 13:00:00,LONG,3949.79,3940.87,4083.59,3940.87,SL,-92.98,41.13,-134.11,-1.44,LOSS,7089.34,bullish,42.12,44.89
2024-03-13 17:00:00,2024-03-14 01:00:00,LONG,3983.02,3962.8,4286.32,3962.8,SL,-141.79,27.86,-169.65,-1.2,LOSS,6919.7,bullish,44.54,53.35
2024-03-14 06:00:00,2024-03-14 11:00:00,LONG,3969.16,3956.63,4157.11,3956.63,SL,-124.51,39.38,-163.89,-1.32,LOSS,6755.8,bullish,44.3,46.54
2024-03-14 15:00:00,2024-03-14 16:00:00,LONG,3887.21,3878.68,4015.16,3878.68,SL,-84.5,38.47,-122.97,-1.46,LOSS,6632.84,bullish,32.61,43.29
2024-03-15 10:00:00,2024-03-15 11:00:00,LONG,3682.91,3661.72,4000.76,3661.72,SL,-132.66,22.99,-155.65,-1.17,LOSS,6477.19,bullish,34.93,37.37
2024-03-16 15:00:00,2024-03-16 17:00:00,LONG,3665.01,3646.41,3944.01,3646.41,SL,-129.54,25.46,-155.0,-1.2,LOSS,6322.19,bullish,41.15,45.8
2024-03-17 08:00:00,2024-03-19 01:00:00,LONG,3472.72,3444.07,3902.47,3444.07,SL,-126.44,15.26,-141.71,-1.12,LOSS,6180.48,bullish,32.19,33.92
2024-03-19 03:00:00,2024-03-19 04:00:00,LONG,3407.14,3391.76,3637.84,3391.76,SL,-123.61,27.32,-150.93,-1.22,LOSS,6029.55,bullish,30.68,36.75
2024-03-19 10:00:00,2024-03-19 11:00:00,LONG,3291.89,3241.38,4049.54,3241.38,SL,-120.59,7.8,-128.39,-1.06,LOSS,5901.16,bullish,29.18,32.91
2024-03-20 07:00:00,2024-03-25 16:00:00,LONG,3141.19,3109.95,3609.79,3609.79,TP,1770.35,12.75,1757.59,14.89,WIN,7658.75,bullish,37.14,37.42
2024-03-25 23:00:00,2024-03-26 00:00:00,LONG,3611.75,3589.0,3953.0,3589.0,SL,-153.18,24.24,-177.42,-1.16,LOSS,7481.34,bullish,68.13,68.85
2024-03-26 07:00:00,2024-03-26 08:00:00,LONG,3649.45,3630.29,3936.85,3630.29,SL,-149.63,28.42,-178.05,-1.19,LOSS,7303.28,bullish,69.54,70.21
2024-03-26 13:00:00,2024-03-26 14:00:00,LONG,3644.55,3631.61,3838.65,3631.61,SL,-146.07,41.07,-187.13,-1.28,LOSS,7116.15,bullish,62.01,65.91
2024-03-26 18:00:00,2024-03-26 19:00:00,LONG,3583.81,3561.4,3919.96,3561.4,SL,-142.32,22.69,-165.01,-1.16,LOSS,6951.14,bullish,48.06,59.82
2024-03-26 21:00:00,2024-03-27 07:00:00,LONG,3576.38,3560.83,3809.63,3560.83,SL,-139.02,31.9,-170.93,-1.23,LOSS,6780.21,bullish,47.26,54.87
2024-03-27 10:00:00,2024-03-27 14:00:00,LONG,3573.81,3551.21,3912.81,3551.21,SL,-135.6,21.38,-156.98,-1.16,LOSS,6623.23,bullish,46.47,50.27
2024-03-27 17:00:00,2024-03-27 18:00:00,LONG,3524.15,3514.29,3672.05,3514.29,SL,-105.63,37.7,-143.32,-1.36,LOSS,6479.91,bullish,37.73,46.04
2024-03-27 20:00:00,2024-03-29 17:00:00,LONG,3491.18,3461.24,3940.28,3461.24,SL,-129.6,15.05,-144.65,-1.12,LOSS,6335.26,bullish,36.71,42.04
2024-03-31 01:00:00,2024-04-01 05:00:00,LONG,3518.2,3505.65,3706.45,3505.65,SL,-126.71,35.46,-162.16,-1.28,LOSS,6173.1,bullish,49.29,50.8
2024-04-01 07:00:00,2024-04-01 14:00:00,LONG,3542.31,3510.0,4026.96,3510.0,SL,-123.46,13.47,-136.94,-1.11,LOSS,6036.16,bullish,37.7,58.57
2024-04-02 06:00:00,2024-04-02 07:00:00,LONG,3369.58,3362.95,3469.03,3362.95,SL,-67.7,34.37,-102.07,-1.51,LOSS,5934.09,bullish,26.65,34.04
2024-04-02 10:00:00,2024-04-02 11:00:00,LONG,3345.41,3335.2,3498.56,3335.2,SL,-103.23,33.77,-137.0,-1.33,LOSS,5797.09,bullish,28.1,33.44
2024-04-03 22:00:00,2024-04-04 00:00:00,LONG,3318.4,3305.77,3507.85,3305.77,SL,-115.94,30.4,-146.35,-1.26,LOSS,5650.75,bullish,48.47,50.32
2024-04-04 05:00:00,2024-04-05 02:00:00,LONG,3287.39,3274.38,3482.54,3274.38,SL,-113.01,28.5,-141.52,-1.25,LOSS,5509.23,bullish,43.07,47.5
2024-04-05 04:00:00,2024-04-05 05:00:00,LONG,3308.3,3267.6,3918.8,3267.6,SL,-110.18,8.9,-119.09,-1.08,LOSS,5390.14,bullish,45.75,51.75
2024-04-05 07:00:00,2024-04-05 09:00:00,LONG,3288.2,3273.79,3504.35,3273.79,SL,-107.8,24.55,-132.35,-1.23,LOSS,5257.8,bullish,43.22,47.34
2024-04-05 13:00:00,2024-04-08 08:00:00,LONG,3262.14,3243.52,3541.44,3541.44,TP,1577.34,19.21,1558.13,14.82,WIN,6815.92,bullish,40.24,41.95
2024-04-09 03:00:00,2024-04-09 04:00:00,LONG,3706.6,3679.99,4105.75,3679.99,SL,-136.32,18.92,-155.24,-1.14,LOSS,6660.69,bullish,71.22,77.67
2024-04-09 16:00:00,2024-04-09 17:00:00,LONG,3529.93,3522.77,3637.33,3522.77,SL,-77.01,37.93,-114.94,-1.49,LOSS,6545.75,bullish,32.02,52.32
2024-04-09 23:00:00,2024-04-10 00:00:00,LONG,3518.7,3509.21,3661.05,3509.21,SL,-100.63,37.26,-137.89,-1.37,LOSS,6407.86,bullish,35.84,37.77
2024-04-10 14:00:00,2024-04-12 14:00:00,LONG,3462.0,3440.0,3792.0,3440.0,SL,-128.16,20.1,-148.26,-1.16,LOSS,6259.6,bullish,36.2,40.78
2024-04-12 21:00:00,2024-04-13 01:00:00,LONG,3226.28,3206.17,3527.93,3206.17,SL,-125.19,20.02,-145.21,-1.16,LOSS,6114.39,bullish,18.79,34.8
2024-04-13 06:00:00,2024-04-13 07:00:00,SHORT,3247.8,3255.8,3127.8,3255.8,SL,-85.85,34.89,-120.74,-1.41,LOSS,5993.64,bearish,36.72,23.92
2024-04-13 12:00:00,2024-04-13 13:00:00,SHORT,3268.2,3275.85,3153.45,3275.85,SL,-79.97,34.2,-114.17,-1.43,LOSS,5879.47,bearish,42.03,33.1
2024-04-14 08:00:00,2024-04-14 16:00:00,SHORT,3084.19,3090.86,2984.14,3090.86,SL,-72.48,33.55,-106.03,-1.46,LOSS,5773.45,bearish,45.99,34.36
2024-04-14 18:00:00,2024-04-14 19:00:00,SHORT,3051.58,3081.23,2606.83,3081.23,SL,-115.47,11.94,-127.41,-1.1,LOSS,5646.03,bearish,45.36,44.13
2024-04-15 05:00:00,2024-04-15 06:00:00,SHORT,3138.71,3146.51,3021.71,3146.51,SL,-79.98,32.22,-112.2,-1.4,LOSS,5533.84,bearish,55.78,52.12
2024-04-15 12:00:00,2024-04-23 14:00:00,SHORT,3229.64,3260.64,2764.64,3260.64,SL,-110.68,11.59,-122.26,-1.1,LOSS,5411.57,bearish,62.6,61.4
2024-04-23 16:00:00,2024-04-24 01:00:00,SHORT,3226.12,3247.84,2900.32,3247.84,SL,-108.23,16.13,-124.36,-1.15,LOSS,5287.21,bearish,59.88,50.15
2024-04-24 06:00:00,2024-04-24 11:00:00,SHORT,3257.2,3271.47,3043.15,3271.47,SL,-105.74,24.19,-129.93,-1.23,LOSS,5157.28,bearish,62.64,58.83
2024-04-24 13:00:00,2024-04-24 18:00:00,SHORT,3273.05,3281.97,3139.25,3139.25,TP,1201.71,28.8,1172.91,14.64,WIN,6330.19,bearish,64.02,61.84
2024-04-25 04:00:00,2024-04-25 05:00:00,SHORT,3147.41,3154.22,3045.26,3154.22,SL,-78.07,36.12,-114.19,-1.46,LOSS,6216.0,bearish,40.02,35.89
2024-04-25 15:00:00,2024-04-25 16:00:00,SHORT,3117.65,3123.86,3024.5,3123.86,SL,-70.57,35.47,-106.04,-1.5,LOSS,6109.96,bearish,40.54,39.27
2024-04-25 20:00:00,2024-04-25 21:00:00,SHORT,3165.84,3171.4,3082.44,3171.4,SL,-61.16,34.86,-96.02,-1.57,LOSS,6013.94,bearish,53.23,43.41
2024-04-26 20:00:00,2024-04-26 21:00:00,SHORT,3133.79,3152.8,2848.64,3152.8,SL,-120.28,19.89,-140.17,-1.17,LOSS,5873.77,bearish,47.47,46.17
2024-04-29 01:00:00,2024-04-29 02:00:00,LONG,3282.52,3263.44,3568.72,3263.44,SL,-117.48,20.15,-137.63,-1.17,LOSS,5736.14,bullish,49.4,62.36
2024-04-29 05:00:00,2024-04-29 06:00:00,LONG,3201.49,3177.6,3559.84,3177.6,SL,-114.72,15.32,-130.04,-1.13,LOSS,5606.1,bullish,35.65,54.09
2024-04-29 08:00:00,2024-04-29 09:00:00,LONG,3188.99,3181.85,3296.09,3181.85,SL,-71.55,31.92,-103.46,-1.45,LOSS,5502.64,bullish,35.16,46.45
2024-04-29 13:00:00,2024-04-29 14:00:00,LONG,3171.58,3160.11,3343.63,3160.11,SL,-110.05,30.38,-140.43,-1.28,LOSS,5362.21,bullish,35.23,36.55
2024-04-30 02:00:00,2024-05-20 19:00:00,SHORT,3173.41,3244.37,2109.01,3244.37,SL,-107.24,4.85,-112.09,-1.05,LOSS,5250.12,bearish,44.28,44.03
2024-05-20 23:00:00,2024-05-21 00:00:00,SHORT,3611.96,3646.09,3100.01,3646.09,SL,-105.0,11.16,-116.17,-1.11,LOSS,5133.95,bearish,87.12,65.25
2024-05-21 21:00:00,2024-05-22 11:00:00,LONG,3746.88,3712.26,4266.18,3712.26,SL,-102.68,11.06,-113.74,-1.11,LOSS,5020.21,bullish,68.48,76.51
2024-05-22 14:00:00,2024-05-23 20:00:00,LONG,3695.79,3666.97,4128.09,3666.97,SL,-100.4,12.83,-113.23,-1.13,LOSS,4906.98,bullish,47.6,58.28
2024-05-24 01:00:00,2024-05-24 05:00:00,LONG,3813.2,3783.6,4257.2,3783.6,SL,-98.14,12.59,-110.73,-1.13,LOSS,4796.25,bullish,52.98,53.55
2024-05-24 08:00:00,2024-05-24 09:00:00,LONG,3679.24,3672.69,3777.49,3672.69,SL,-48.67,27.31,-75.98,-1.56,LOSS,4720.26,bullish,37.05,48.74
2024-05-25 15:00:00,2024-05-25 22:00:00,LONG,3747.95,3734.18,3954.5,3734.18,SL,-94.41,25.65,-120.05,-1.27,LOSS,4600.21,bullish,51.92,51.97
2024-05-27 01:00:00,2024-05-28 04:00:00,LONG,3843.0,3826.47,4090.95,3826.47,SL,-92.0,21.34,-113.35,-1.23,LOSS,4486.86,bullish,56.98,62.66
2024-05-28 06:00:00,2024-05-28 15:00:00,LONG,3860.58,3836.58,4220.58,3836.58,SL,-89.74,14.39,-104.13,-1.16,LOSS,4382.73,bullish,45.36,48.99
2024-05-28 20:00:00,2024-05-29 08:00:00,LONG,3840.8,3800.0,4452.8,3800.0,SL,-87.65,8.21,-95.86,-1.09,LOSS,4286.87,bullish,44.99,46.05
2024-05-30 09:00:00,2024-05-30 10:00:00,LONG,3735.8,3720.32,3968.0,3720.32,SL,-85.74,20.65,-106.39,-1.24,LOSS,4180.48,bullish,37.36,39.96
2024-05-30 22:00:00,2024-05-31 05:00:00,LONG,3751.37,3737.69,3956.57,3737.69,SL,-83.61,22.89,-106.5,-1.27,LOSS,4073.99,bullish,44.94,47.2
2024-05-31 09:00:00,2024-05-31 12:00:00,LONG,3735.21,3729.11,3826.71,3826.71,TP,568.85,23.51,545.35,14.38,WIN,4619.34,bullish,42.03,44.5
2024-05-31 17:00:00,2024-05-31 23:00:00,LONG,3754.16,3744.77,3895.01,3744.77,SL,-65.86,26.3,-92.16,-1.4,LOSS,4527.18,bullish,47.14,49.59
2024-06-02 07:00:00,2024-06-02 08:00:00,LONG,3814.99,3805.52,3957.04,3805.52,SL,-64.06,25.77,-89.83,-1.4,LOSS,4437.35,bullish,54.44,57.82
2024-06-02 14:00:00,2024-06-02 16:00:00,LONG,3796.1,3788.12,3915.8,3788.12,SL,-53.17,25.27,-78.44,-1.48,LOSS,4358.92,bullish,48.97,51.41
2024-06-02 20:00:00,2024-06-03 00:00:00,LONG,3782.37,3770.86,3955.02,3770.86,SL,-75.61,24.81,-100.42,-1.33,LOSS,4258.5,bullish,45.57,46.87
2024-06-03 16:00:00,2024-06-03 17:00:00,LONG,3796.82,3769.42,4207.82,3769.42,SL,-85.17,11.76,-96.93,-1.14,LOSS,4161.57,bullish,48.13,55.12
2024-06-04 02:00:00,2024-06-04 05:00:00,LONG,3774.66,3759.93,3995.61,3759.93,SL,-83.23,21.29,-104.52,-1.26,LOSS,4057.05,bullish,45.73,45.9
2024-06-05 04:00:00,2024-06-05 05:00:00,LONG,3810.45,3803.57,3913.65,3803.57,SL,-41.75,23.1,-64.86,-1.55,LOSS,3992.2,bullish,55.68,59.14
2024-06-05 07:00:00,2024-06-05 14:00:00,LONG,3814.66,3788.76,4203.16,3788.76,SL,-79.84,11.72,-91.56,-1.15,LOSS,3900.63,bullish,55.88,57.65
2024-06-06 08:00:00,2024-06-06 09:00:00,LONG,3852.1,3846.25,3939.85,3846.25,SL,-33.77,22.22,-55.98,-1.66,LOSS,3844.65,bullish,55.42,60.04
2024-06-06 15:00:00,2024-06-06 16:00:00,LONG,3844.39,3835.07,3984.19,3835.07,SL,-53.13,21.89,-75.02,-1.41,LOSS,3769.63,bullish,51.49,55.14
2024-06-06 21:00:00,2024-06-07 12:00:00,LONG,3800.37,3791.01,3940.77,3791.01,SL,-52.92,21.46,-74.38,-1.41,LOSS,3695.25,bullish,36.48,48.56
2024-06-07 20:00:00,2024-06-07 23:00:00,LONG,3687.37,3679.72,3802.12,3679.72,SL,-43.7,21.04,-64.74,-1.48,LOSS,3630.51,bullish,23.14,41.34
2024-06-08 01:00:00,2024-06-08 05:00:00,LONG,3686.02,3678.31,3801.67,3678.31,SL,-43.29,20.67,-63.96,-1.48,LOSS,3566.56,bullish,27.14,34.18
2024-06-10 05:00:00,2024-06-10 06:00:00,LONG,3691.09,3684.14,3795.34,3684.14,SL,-38.28,20.31,-58.59,-1.53,LOSS,3507.97,bullish,47.33,52.53
2024-06-10 09:00:00,2024-06-11 01:00:00,LONG,3671.02,3647.8,4019.32,3647.8,SL,-70.16,11.06,-81.22,-1.16,LOSS,3426.75,bullish,42.35,47.78
2024-06-11 11:00:00,2024-06-11 13:00:00,LONG,3529.4,3514.8,3748.4,3514.8,SL,-68.54,16.53,-85.07,-1.24,LOSS,3341.68,bullish,20.79,25.58
2024-06-12 21:00:00,2024-06-13 02:00:00,LONG,3556.05,3529.01,3961.65,3529.01,SL,-66.83,8.76,-75.59,-1.13,LOSS,3266.09,bullish,49.25,57.1
2024-06-13 06:00:00,2024-06-13 07:00:00,LONG,3510.3,3495.19,3736.95,3495.19,SL,-65.32,15.14,-80.46,-1.23,LOSS,3185.63,bullish,41.92,48.51
2024-06-13 11:00:00,2024-06-13 12:00:00,LONG,3502.98,3490.51,3690.03,3490.51,SL,-63.71,17.87,-81.58,-1.28,LOSS,3104.05,bullish,42.91,43.81
2024-06-13 17:00:00,2024-06-14 16:00:00,LONG,3470.55,3441.73,3902.85,3441.73,SL,-62.08,7.44,-69.53,-1.12,LOSS,3034.52,bullish,40.47,40.63
2024-06-14 20:00:00,2024-06-18 01:00:00,LONG,3406.21,3387.6,3685.36,3387.6,SL,-60.69,11.08,-71.77,-1.18,LOSS,2962.76,bullish,31.09,44.05
2024-06-18 03:00:00,2024-06-18 11:00:00,LONG,3429.56,3408.42,3746.66,3408.42,SL,-59.26,9.58,-68.84,-1.16,LOSS,2893.92,bullish,32.37,40.82
2024-06-18 15:00:00,2024-06-18 18:00:00,LONG,3401.18,3392.03,3538.43,3392.03,SL,-44.38,16.47,-60.85,-1.37,LOSS,2833.07,bullish,32.12,33.69
2024-06-19 13:00:00,2024-06-19 14:00:00,LONG,3547.0,3536.95,3697.75,3536.95,SL,-45.75,16.13,-61.88,-1.35,LOSS,2771.19,bullish,59.72,63.89
2024-06-19 16:00:00,2024-06-20 14:00:00,LONG,3529.3,3520.4,3662.8,3520.4,SL,-39.83,15.78,-55.61,-1.4,LOSS,2715.58,bullish,54.2,62.53
2024-06-20 17:00:00,2024-06-21 00:00:00,LONG,3516.15,3506.61,3659.25,3506.61,SL,-42.0,15.46,-57.45,-1.37,LOSS,2658.12,bullish,40.36,55.34
2024-06-22 10:00:00,2024-06-23 14:00:00,LONG,3492.61,3484.6,3612.76,3484.6,SL,-34.75,15.13,-49.88,-1.44,LOSS,2608.24,bullish,44.89,48.35
2024-06-23 18:00:00,2024-06-23 20:00:00,LONG,3473.32,3463.32,3623.32,3463.32,SL,-42.8,14.85,-57.65,-1.35,LOSS,2550.59,bullish,37.34,45.35
2024-06-24 20:00:00,2024-06-24 21:00:00,SHORT,3293.06,3303.76,3132.56,3303.76,SL,-47.24,14.56,-61.8,-1.31,LOSS,2488.79,bearish,32.07,23.86
2024-06-24 23:00:00,2024-06-25 00:00:00,SHORT,3332.68,3351.95,3043.63,3351.95,SL,-49.78,8.63,-58.41,-1.17,LOSS,2430.38,bearish,44.9,28.47
2024-06-25 06:00:00,2024-06-25 09:00:00,SHORT,3375.18,3390.9,3139.38,3390.9,SL,-48.61,10.46,-59.07,-1.22,LOSS,2371.31,bearish,54.15,43.39
2024-06-25 11:00:00,2024-06-25 14:00:00,SHORT,3377.61,3383.16,3294.36,3383.16,SL,-22.21,13.53,-35.74,-1.61,LOSS,2335.58,bearish,54.22,51.24
2024-06-26 21:00:00,2024-06-27 10:00:00,SHORT,3391.59,3408.08,3144.24,3408.08,SL,-46.71,9.63,-56.34,-1.21,LOSS,2279.23,bearish,52.53,47.83
2024-06-27 15:00:00,2024-06-27 17:00:00,SHORT,3448.3,3461.39,3251.95,3461.39,SL,-45.58,12.03,-57.62,-1.26,LOSS,2221.62,bearish,66.43,54.87
2024-06-27 19:00:00,2024-06-28 01:00:00,SHORT,3455.0,3461.84,3352.4,3461.84,SL,-25.07,12.68,-37.75,-1.51,LOSS,2183.87,bearish,65.82,59.54
2024-06-29 03:00:00,2024-06-29 07:00:00,SHORT,3388.97,3396.18,3280.82,3396.18,SL,-26.48,12.46,-38.94,-1.47,LOSS,2144.93,bearish,41.97,39.53
2024-06-29 09:00:00,2024-06-29 10:00:00,SHORT,3392.45,3399.72,3283.4,3399.72,SL,-26.2,12.24,-38.44,-1.47,LOSS,2106.49,bearish,45.35,40.66
2024-06-29 13:00:00,2024-06-30 14:00:00,SHORT,3392.62,3400.45,3275.17,3400.45,SL,-27.71,12.02,-39.73,-1.43,LOSS,2066.76,bearish,45.62,43.99
2024-06-30 17:00:00,2024-06-30 18:00:00,SHORT,3393.01,3399.81,3291.01,3399.81,SL,-23.61,11.79,-35.4,-1.5,LOSS,2031.35,bearish,52.71,49.94
2024-06-30 21:00:00,2024-06-30 22:00:00,SHORT,3420.71,3428.4,3305.36,3428.4,SL,-26.03,11.59,-37.62,-1.45,LOSS,1993.73,bearish,62.43,56.66
2024-07-01 00:00:00,2024-07-01 01:00:00,SHORT,3438.16,3450.61,3251.41,3450.61,SL,-39.87,11.03,-50.91,-1.28,LOSS,1942.83,bearish,63.34,58.7
2024-07-01 03:00:00,2024-07-04 01:00:00,SHORT,3502.36,3519.4,3246.76,3246.76,TP,582.85,7.7,575.15,14.8,WIN,2517.98,bearish,71.66,63.12
2024-07-04 05:00:00,2024-07-04 09:00:00,SHORT,3236.38,3243.2,3134.08,3134.08,TP,453.67,14.13,439.55,14.53,WIN,2957.53,bearish,35.1,33.52
2024-07-04 19:00:00,2024-07-04 20:00:00,SHORT,3130.97,3143.6,2941.52,3143.6,SL,-59.15,14.69,-73.84,-1.25,LOSS,2883.68,bearish,28.12,27.4
2024-07-04 23:00:00,2024-07-11 12:00:00,SHORT,3128.09,3163.0,2604.44,3163.0,SL,-57.67,5.2,-62.87,-1.09,LOSS,2820.81,bearish,33.52,28.73
2024-07-11 14:00:00,2024-07-13 22:00:00,SHORT,3180.68,3192.49,3003.53,3192.49,SL,-56.42,15.22,-71.64,-1.27,LOSS,2749.18,bearish,69.41,58.54
2024-07-14 00:00:00,2024-07-14 04:00:00,SHORT,3175.93,3191.95,2935.63,3191.95,SL,-54.98,10.93,-65.91,-1.2,LOSS,2683.26,bearish,62.12,61.46
2024-07-14 23:00:00,2024-07-15 00:00:00,SHORT,3245.89,3254.42,3117.94,3254.42,SL,-40.19,15.31,-55.51,-1.38,LOSS,2627.76,bearish,68.93,58.92
2024-07-15 02:00:00,2024-07-15 03:00:00,SHORT,3273.19,3278.12,3199.24,3278.12,SL,-22.56,14.99,-37.55,-1.66,LOSS,2590.21,bearish,72.56,60.84
2024-07-16 10:00:00,2024-07-18 16:00:00,LONG,3394.63,3374.83,3691.63,3374.83,SL,-51.8,8.86,-60.66,-1.17,LOSS,2529.55,bullish,50.8,67.73
2024-07-18 19:00:00,2024-07-18 20:00:00,LONG,3405.54,3399.21,3500.49,3399.21,SL,-26.8,14.41,-41.21,-1.54,LOSS,2488.34,bullish,43.99,50.98
2024-07-19 02:00:00,2024-07-19 03:00:00,LONG,3414.87,3404.72,3567.12,3404.72,SL,-42.16,14.16,-56.32,-1.34,LOSS,2432.02,bullish,47.02,47.74
2024-07-19 11:00:00,2024-07-24 18:00:00,LONG,3400.81,3387.75,3596.71,3387.75,SL,-48.64,12.64,-61.28,-1.26,LOSS,2370.74,bullish,45.48,47.33
2024-07-24 21:00:00,2024-07-24 22:00:00,LONG,3375.91,3362.99,3569.71,3362.99,SL,-47.41,12.37,-59.78,-1.26,LOSS,2310.96,bullish,33.35,42.42
2024-07-25 00:00:00,2024-07-25 01:00:00,LONG,3335.82,3329.24,3434.52,3329.24,SL,-25.98,13.16,-39.14,-1.51,LOSS,2271.82,bullish,28.7,37.83
2024-07-25 19:00:00,2024-07-25 21:00:00,SHORT,3115.64,3166.18,2357.54,3166.18,SL,-45.44,2.82,-48.26,-1.06,LOSS,2223.56,bearish,25.01,21.91
2024-07-25 23:00:00,2024-07-26 00:00:00,SHORT,3165.03,3177.6,2976.48,3177.6,SL,-44.47,11.22,-55.69,-1.25,LOSS,2167.87,bearish,40.36,27.09
2024-07-26 02:00:00,2024-07-26 03:00:00,SHORT,3185.59,3192.8,3077.44,3192.8,SL,-27.97,12.37,-40.34,-1.44,LOSS,2127.53,bearish,45.63,32.53
2024-07-27 00:00:00,2024-07-27 08:00:00,SHORT,3274.6,3279.69,3198.25,3279.69,SL,-18.85,12.14,-30.99,-1.64,LOSS,2096.54,bearish,58.89,56.17
2024-07-27 15:00:00,2024-07-27 20:00:00,SHORT,3311.25,3317.6,3216.0,3216.0,TP,343.76,11.78,331.98,14.49,WIN,2428.52,bearish,65.74,56.57
2024-07-28 15:00:00,2024-07-28 16:00:00,SHORT,3264.76,3274.66,3116.26,3274.66,SL,-41.98,13.86,-55.84,-1.33,LOSS,2372.68,bearish,54.59,46.84
2024-07-29 02:00:00,2024-07-29 03:00:00,SHORT,3278.0,3286.58,3149.3,3286.58,SL,-35.4,13.54,-48.94,-1.38,LOSS,2323.74,bearish,56.78,55.63
2024-07-29 05:00:00,2024-07-29 06:00:00,SHORT,3343.71,3348.98,3264.66,3348.98,SL,-20.88,13.26,-34.13,-1.63,LOSS,2289.61,bearish,71.4,58.84
2024-07-29 08:00:00,2024-07-29 09:00:00,SHORT,3366.9,3373.57,3266.85,3373.57,SL,-25.85,13.06,-38.92,-1.51,LOSS,2250.69,bearish,73.06,62.93
2024-07-29 11:00:00,2024-07-31 20:00:00,SHORT,3384.77,3394.99,3231.47,3231.47,TP,581.04,12.54,568.5,14.68,WIN,2819.19,bearish,72.73,67.16
2024-08-01 14:00:00,2024-08-01 22:00:00,SHORT,3183.0,3196.55,2979.75,3196.55,SL,-56.38,13.27,-69.66,-1.24,LOSS,2749.53,bearish,39.29,34.8
2024-08-02 00:00:00,2024-08-02 12:00:00,SHORT,3203.4,3209.21,3116.25,3116.25,TP,426.37,15.46,410.91,14.46,WIN,3160.44,bearish,53.52,39.42
2024-08-03 05:00:00,2024-08-03 06:00:00,SHORT,2965.51,2982.49,2710.81,2982.49,SL,-63.21,11.07,-74.28,-1.18,LOSS,3086.17,bearish,28.99,25.3
2024-08-03 08:00:00,2024-08-03 09:00:00,SHORT,2983.81,2990.22,2887.66,2990.22,SL,-37.79,17.61,-55.4,-1.47,LOSS,3030.76,bearish,35.98,27.31
2024-08-04 02:00:00,2024-08-04 03:00:00,SHORT,2907.27,2914.39,2800.47,2914.39,SL,-42.31,17.3,-59.6,-1.41,LOSS,2971.16,bearish,32.98,32.15
2024-08-04 08:00:00,2024-08-04 11:00:00,SHORT,2893.24,2918.04,2521.24,2918.04,SL,-59.42,6.96,-66.39,-1.12,LOSS,2904.77,bearish,34.51,32.64
2024-08-04 14:00:00,2024-08-04 17:00:00,SHORT,2910.83,2923.57,2719.73,2719.73,TP,871.43,12.84,858.59,14.78,WIN,3763.37,bearish,42.36,39.12
2024-08-05 09:00:00,2024-08-05 14:00:00,SHORT,2325.44,2357.54,1843.94,2357.54,SL,-75.27,5.49,-80.76,-1.07,LOSS,3682.61,bearish,25.22,20.11
2024-08-05 19:00:00,2024-08-05 21:00:00,SHORT,2374.41,2469.63,946.11,2469.63,SL,-73.65,1.87,-75.53,-1.03,LOSS,3607.09,bearish,41.19,31.32
2024-08-06 00:00:00,2024-08-06 01:00:00,SHORT,2419.76,2452.79,1924.31,2452.79,SL,-72.14,5.32,-77.46,-1.07,LOSS,3529.62,bearish,45.76,40.36
2024-08-06 07:00:00,2024-08-06 08:00:00,SHORT,2514.74,2524.8,2363.84,2524.8,SL,-70.59,17.68,-88.27,-1.25,LOSS,3441.35,bearish,53.55,49.8
2024-08-06 20:00:00,2024-08-06 22:00:00,SHORT,2493.04,2500.4,2382.64,2500.4,SL,-57.91,19.64,-77.55,-1.34,LOSS,3363.79,bearish,50.94,50.75
2024-08-07 03:00:00,2024-08-07 04:00:00,SHORT,2495.01,2500.84,2407.56,2500.84,SL,-44.8,19.2,-64.0,-1.43,LOSS,3299.8,bearish,51.87,50.99
2024-08-07 06:00:00,2024-08-07 07:00:00,SHORT,2505.11,2516.61,2332.61,2516.61,SL,-66.0,14.41,-80.41,-1.22,LOSS,3219.39,bearish,53.12,51.25
2024-08-07 10:00:00,2024-08-07 14:00:00,SHORT,2517.57,2524.58,2412.42,2412.42,TP,766.44,17.97,748.47,14.65,WIN,3967.86,bearish,55.08,51.88
2024-08-08 04:00:00,2024-08-08 11:00:00,SHORT,2430.4,2455.23,2057.95,2455.23,SL,-79.36,7.81,-87.16,-1.1,LOSS,3880.7,bearish,51.34,37.03
2024-08-08 18:00:00,2024-08-08 19:00:00,SHORT,2579.09,2585.83,2477.99,2585.83,SL,-57.81,22.15,-79.96,-1.38,LOSS,3800.74,bearish,68.81,56.23
2024-08-09 00:00:00,2024-08-09 04:00:00,SHORT,2682.5,2707.67,2304.95,2707.67,SL,-76.01,8.14,-84.15,-1.11,LOSS,3716.59,bearish,73.16,65.12
2024-08-10 09:00:00,2024-08-10 10:00:00,SHORT,2629.79,2634.27,2562.59,2634.27,SL,-36.09,21.2,-57.29,-1.59,LOSS,3659.29,bearish,58.53,51.7
2024-08-10 13:00:00,2024-08-11 03:00:00,SHORT,2630.51,2636.58,2539.46,2636.58,SL,-48.13,20.88,-69.01,-1.43,LOSS,3590.28,bearish,57.44,54.41
2024-08-12 09:00:00,2024-08-12 10:00:00,SHORT,2563.27,2567.27,2503.27,2567.27,SL,-31.94,20.48,-52.42,-1.64,LOSS,3537.87,bearish,42.77,36.35
2024-08-12 14:00:00,2024-08-12 15:00:00,SHORT,2614.67,2684.99,1559.87,2684.99,SL,-70.76,2.67,-73.42,-1.04,LOSS,3464.44,bearish,52.25,45.63
2024-08-13 03:00:00,2024-08-13 22:00:00,SHORT,2714.47,2733.41,2430.37,2733.41,SL,-69.29,9.97,-79.25,-1.14,LOSS,3385.19,bearish,60.78,59.37
2024-08-15 15:00:00,2024-08-15 16:00:00,SHORT,2654.39,2662.74,2529.14,2662.74,SL,-60.7,19.33,-80.02,-1.32,LOSS,3305.16,bearish,50.05,40.54
2024-08-16 04:00:00,2024-08-16 05:00:00,SHORT,2580.08,2594.2,2368.28,2594.2,SL,-66.1,12.11,-78.22,-1.18,LOSS,3226.95,bearish,41.01,39.09
2024-08-16 08:00:00,2024-08-16 10:00:00,SHORT,2617.44,2626.32,2484.24,2626.32,SL,-64.54,19.06,-83.59,-1.3,LOSS,3143.35,bearish,52.13,39.48
2024-08-16 21:00:00,2024-08-17 16:00:00,SHORT,2608.55,2620.4,2430.8,2620.4,SL,-62.87,13.87,-76.74,-1.22,LOSS,3066.62,bearish,50.8,49.06
2024-08-17 18:00:00,2024-08-18 00:00:00,SHORT,2615.4,2620.21,2543.25,2620.21,SL,-32.15,17.5,-49.64,-1.54,LOSS,3016.97,bearish,55.86,51.32
2024-08-18 14:00:00,2024-08-18 15:00:00,SHORT,2661.61,2666.8,2583.76,2666.8,SL,-33.53,17.21,-50.75,-1.51,LOSS,2966.23,bearish,68.32,57.23
2024-08-20 02:00:00,2024-08-20 03:00:00,SHORT,2651.61,2659.39,2534.91,2659.39,SL,-49.61,16.93,-66.54,-1.34,LOSS,2899.69,bearish,63.4,48.9
2024-08-20 07:00:00,2024-08-20 15:00:00,SHORT,2675.98,2684.01,2555.53,2555.53,TP,743.96,16.16,727.8,14.67,WIN,3627.49,bearish,67.57,59.75
2024-08-21 21:00:00,2024-08-23 00:00:00,SHORT,2630.59,2646.42,2393.14,2646.42,SL,-72.55,12.09,-84.64,-1.17,LOSS,3542.85,bearish,59.91,50.97
2024-08-23 08:00:00,2024-08-23 14:00:00,SHORT,2669.24,2682.06,2476.94,2682.06,SL,-70.86,14.79,-85.65,-1.21,LOSS,3457.2,bearish,66.04,57.99
2024-08-23 23:00:00,2024-08-24 08:00:00,SHORT,2759.87,2772.9,2564.42,2772.9,SL,-69.14,14.68,-83.82,-1.21,LOSS,3373.38,bearish,73.18,65.83
2024-08-25 19:00:00,2024-08-25 20:00:00,SHORT,2764.15,2771.71,2650.75,2771.71,SL,-52.59,19.25,-71.84,-1.37,LOSS,3301.54,bearish,52.9,51.03
2024-08-25 23:00:00,2024-08-27 10:00:00,SHORT,2771.03,2779.12,2649.68,2649.68,TP,824.12,18.41,805.71,14.66,WIN,4107.25,bearish,55.1,53.3
2024-08-28 05:00:00,2024-08-28 09:00:00,SHORT,2471.6,2478.45,2368.85,2478.45,SL,-64.88,23.44,-88.33,-1.36,LOSS,4018.92,bearish,25.8,19.12
2024-08-28 11:00:00,2024-08-28 19:00:00,SHORT,2521.26,2540.81,2228.01,2540.81,SL,-80.38,10.41,-90.78,-1.13,LOSS,3928.14,bearish,47.5,23.92
2024-08-28 22:00:00,2024-08-28 23:00:00,SHORT,2530.77,2536.99,2437.47,2536.99,SL,-55.03,22.42,-77.45,-1.41,LOSS,3850.69,bearish,51.41,46.61
2024-08-29 02:00:00,2024-08-29 05:00:00,SHORT,2522.02,2534.21,2339.17,2534.21,SL,-77.01,15.97,-92.99,-1.21,LOSS,3757.7,bearish,49.27,48.46
2024-08-29 17:00:00,2024-08-29 18:00:00,SHORT,2570.1,2575.97,2482.05,2575.97,SL,-48.92,21.44,-70.36,-1.44,LOSS,3687.34,bearish,60.06,56.69
2024-08-30 08:00:00,2024-08-30 12:00:00,SHORT,2517.42,2528.38,2353.02,2528.38,SL,-73.75,16.98,-90.72,-1.23,LOSS,3596.62,bearish,44.33,44.26
2024-08-30 20:00:00,2024-09-02 10:00:00,SHORT,2506.94,2535.79,2074.19,2535.79,SL,-71.93,6.29,-78.22,-1.09,LOSS,3518.4,bearish,48.88,43.07
2024-09-02 12:00:00,2024-09-02 14:00:00,SHORT,2515.81,2524.78,2381.26,2524.78,SL,-70.37,19.77,-90.14,-1.28,LOSS,3428.26,bearish,60.4,46.23
2024-09-02 16:00:00,2024-09-02 17:00:00,SHORT,2513.2,2519.6,2417.2,2519.6,SL,-49.76,19.57,-69.33,-1.39,LOSS,3358.93,bearish,57.8,52.38
2024-09-02 22:00:00,2024-09-04 00:00:00,SHORT,2544.73,2554.13,2403.73,2403.73,TP,1007.68,17.68,990.0,14.74,WIN,4348.93,bearish,63.39,60.03
2024-09-04 18:00:00,2024-09-19 16:00:00,SHORT,2449.49,2477.12,2035.04,2477.12,SL,-86.98,7.75,-94.73,-1.09,LOSS,4254.19,bearish,55.64,43.2
2024-09-22 02:00:00,2024-09-23 02:00:00,SHORT,2600.8,2620.54,2304.7,2620.54,SL,-85.08,11.25,-96.34,-1.13,LOSS,4157.86,bearish,63.88,62.34
2024-09-23 05:00:00,2024-09-23 15:00:00,SHORT,2664.09,2676.71,2474.79,2676.71,SL,-83.16,17.6,-100.75,-1.21,LOSS,4057.1,bearish,68.79,55.23
2024-09-23 20:00:00,2024-09-25 17:00:00,SHORT,2672.97,2680.01,2567.37,2567.37,TP,913.61,22.67,890.94,14.63,WIN,4948.04,bearish,63.14,63.05
2024-09-26 05:00:00,2024-09-26 06:00:00,SHORT,2596.29,2602.31,2505.99,2602.31,SL,-65.4,28.24,-93.63,-1.43,LOSS,4854.41,bearish,47.32,38.19
2024-09-26 09:00:00,2024-09-26 10:00:00,SHORT,2620.15,2629.8,2475.4,2629.8,SL,-97.09,26.41,-123.5,-1.27,LOSS,4730.91,bearish,55.53,44.46
2024-09-26 14:00:00,2024-09-26 15:00:00,SHORT,2620.72,2629.98,2481.82,2629.98,SL,-94.62,26.83,-121.44,-1.28,LOSS,4609.47,bearish,53.9,52.42
2024-09-26 20:00:00,2024-09-27 06:00:00,SHORT,2649.0,2659.99,2484.15,2659.99,SL,-92.19,22.27,-114.46,-1.24,LOSS,4495.01,bearish,58.4,57.86
2024-09-27 10:00:00,2024-09-27 14:00:00,SHORT,2662.61,2667.0,2596.76,2667.0,SL,-42.24,25.64,-67.89,-1.61,LOSS,4427.13,bearish,60.17,55.19
2024-09-27 18:00:00,2024-10-01 15:00:00,SHORT,2703.53,2718.19,2483.63,2483.63,TP,1328.14,15.66,1312.47,14.82,WIN,5739.6,bearish,65.65,60.17
2024-10-02 08:00:00,2024-10-02 13:00:00,SHORT,2482.03,2485.84,2424.88,2424.88,TP,753.3,32.34,720.96,14.36,WIN,6460.56,bearish,36.9,29.08
2024-10-02 17:00:00,2024-10-03 08:00:00,SHORT,2452.85,2460.4,2339.6,2339.6,TP,1700.25,35.98,1664.27,14.68,WIN,8124.83,bearish,39.47,34.82
2024-10-03 12:00:00,2024-10-04 01:00:00,SHORT,2352.35,2368.57,2109.05,2368.57,SL,-162.5,23.65,-186.14,-1.15,LOSS,7938.68,bearish,36.44,35.11
2024-10-04 03:00:00,2024-10-04 04:00:00,SHORT,2370.41,2377.56,2263.16,2377.56,SL,-136.49,45.32,-181.81,-1.33,LOSS,7756.87,bearish,50.99,41.65
2024-10-04 07:00:00,2024-10-04 08:00:00,SHORT,2374.96,2383.34,2249.26,2383.34,SL,-155.14,44.04,-199.18,-1.28,LOSS,7557.69,bearish,51.96,46.7
2024-10-04 18:00:00,2024-10-04 19:00:00,SHORT,2415.25,2433.73,2138.05,2433.73,SL,-151.15,19.83,-170.98,-1.13,LOSS,7386.71,bearish,58.86,55.02
2024-10-04 22:00:00,2024-10-06 11:00:00,SHORT,2424.34,2429.29,2350.09,2429.29,SL,-85.97,42.15,-128.12,-1.49,LOSS,7258.59,bearish,59.56,57.28
2024-10-06 16:00:00,2024-10-07 00:00:00,SHORT,2446.62,2452.89,2352.57,2452.89,SL,-106.03,41.43,-147.46,-1.39,LOSS,7111.14,bearish,66.42,57.54
2024-10-07 04:00:00,2024-10-07 14:00:00,SHORT,2495.34,2504.74,2354.34,2504.74,SL,-142.22,37.83,-180.05,-1.27,LOSS,6931.09,bearish,69.22,62.89
2024-10-08 15:00:00,2024-10-08 16:00:00,SHORT,2435.4,2448.28,2242.2,2448.28,SL,-138.62,26.28,-164.9,-1.19,LOSS,6766.18,bearish,47.85,46.42
2024-10-08 23:00:00,2024-10-09 01:00:00,SHORT,2441.76,2456.55,2219.91,2456.55,SL,-135.32,22.41,-157.73,-1.17,LOSS,6608.45,bearish,50.04,49.05
2024-10-09 03:00:00,2024-10-09 15:00:00,SHORT,2447.6,2462.4,2225.6,2462.4,SL,-132.17,21.92,-154.09,-1.17,LOSS,6454.36,bearish,51.57,50.6
2024-10-10 08:00:00,2024-10-10 12:00:00,SHORT,2395.78,2408.74,2201.38,2408.74,SL,-129.09,23.93,-153.01,-1.19,LOSS,6301.34,bearish,44.72,40.9
2024-10-10 17:00:00,2024-10-11 01:00:00,SHORT,2392.71,2404.62,2214.06,2404.62,SL,-126.03,25.38,-151.41,-1.2,LOSS,6149.94,bearish,47.02,45.5
2024-10-11 03:00:00,2024-10-11 04:00:00,SHORT,2400.11,2406.91,2298.11,2406.91,SL,-99.32,35.1,-134.42,-1.35,LOSS,6015.51,bearish,52.97,45.94
2024-10-11 08:00:00,2024-10-11 09:00:00,SHORT,2407.64,2411.39,2351.39,2411.39,SL,-53.41,34.32,-87.72,-1.64,LOSS,5927.79,bearish,54.55,49.77
2024-10-11 17:00:00,2024-10-11 18:00:00,SHORT,2438.39,2443.8,2357.24,2443.8,SL,-74.97,33.83,-108.79,-1.45,LOSS,5819.0,bearish,64.1,58.72
2024-10-12 19:00:00,2024-10-12 21:00:00,SHORT,2469.72,2475.9,2377.02,2475.9,SL,-83.0,33.21,-116.21,-1.4,LOSS,5702.8,bearish,64.6,64.03
2024-10-14 06:00:00,2024-10-14 08:00:00,SHORT,2531.45,2542.16,2370.8,2542.16,SL,-114.06,27.02,-141.07,-1.24,LOSS,5561.72,bearish,70.89,54.02
2024-10-14 17:00:00,2024-10-14 18:00:00,SHORT,2620.29,2635.47,2392.59,2635.47,SL,-111.23,19.26,-130.49,-1.17,LOSS,5431.23,bearish,76.38,72.69
2024-10-14 20:00:00,2024-10-14 22:00:00,SHORT,2620.5,2629.57,2484.45,2629.57,SL,-108.62,31.44,-140.06,-1.29,LOSS,5291.17,bearish,73.39,73.3
2024-10-15 02:00:00,2024-10-15 03:00:00,LONG,2629.76,2622.76,2734.76,2622.76,SL,-80.28,30.12,-110.4,-1.38,LOSS,5180.77,bullish,66.89,74.14
2024-10-15 07:00:00,2024-10-15 11:00:00,LONG,2608.7,2595.0,2814.2,2595.0,SL,-103.62,19.68,-123.29,-1.19,LOSS,5057.48,bullish,56.99,67.61
2024-10-15 13:00:00,2024-10-15 14:00:00,LONG,2602.5,2586.2,2847.0,2586.2,SL,-101.15,16.1,-117.25,-1.16,LOSS,4940.23,bullish,52.76,59.2
2024-10-15 16:00:00,2024-10-15 20:00:00,LONG,2573.42,2568.02,2654.42,2568.02,SL,-59.09,28.13,-87.22,-1.48,LOSS,4853.01,bullish,45.86,56.18
2024-10-15 22:00:00,2024-10-23 08:00:00,LONG,2588.28,2572.0,2832.48,2572.0,SL,-97.06,15.38,-112.44,-1.16,LOSS,4740.57,bullish,49.12,51.61
2024-10-23 14:00:00,2024-10-23 15:00:00,LONG,2581.99,2571.6,2737.84,2571.6,SL,-94.81,23.51,-118.33,-1.25,LOSS,4622.24,bullish,35.38,36.31
2024-10-23 18:00:00,2024-10-23 19:00:00,LONG,2496.1,2492.22,2554.3,2492.22,SL,-40.95,26.33,-67.28,-1.64,LOSS,4554.96,bullish,19.53,31.1
2024-10-24 02:00:00,2024-10-24 03:00:00,SHORT,2545.35,2549.49,2483.25,2549.49,SL,-42.23,25.98,-68.21,-1.62,LOSS,4486.75,bearish,45.66,30.29
2024-10-24 07:00:00,2024-10-24 21:00:00,SHORT,2548.49,2557.11,2419.19,2557.11,SL,-89.73,26.57,-116.31,-1.3,LOSS,4370.44,bearish,47.15,37.84
2024-10-24 23:00:00,2024-10-25 09:00:00,SHORT,2533.22,2538.78,2449.82,2538.78,SL,-54.68,24.94,-79.62,-1.46,LOSS,4290.82,bearish,47.21,44.16
2024-10-25 13:00:00,2024-10-25 14:00:00,SHORT,2538.14,2545.13,2433.29,2545.13,SL,-67.36,24.49,-91.85,-1.36,LOSS,4198.97,bearish,54.73,44.01
2024-10-26 08:00:00,2024-10-26 09:00:00,SHORT,2465.62,2473.54,2346.82,2473.54,SL,-76.88,23.97,-100.85,-1.31,LOSS,4098.12,bearish,42.25,37.09
2024-10-28 00:00:00,2024-10-28 07:00:00,SHORT,2507.8,2514.5,2407.3,2514.5,SL,-62.41,23.39,-85.8,-1.37,LOSS,4012.32,bearish,60.71,56.72
2024-10-28 11:00:00,2024-10-28 21:00:00,SHORT,2531.35,2542.3,2367.1,2542.3,SL,-80.25,18.59,-98.84,-1.23,LOSS,3913.49,bearish,64.58,56.78
2024-10-29 04:00:00,2024-10-29 05:00:00,SHORT,2607.75,2612.82,2531.7,2612.82,SL,-43.37,22.33,-65.7,-1.51,LOSS,3847.79,bearish,75.53,62.0
2024-10-29 08:00:00,2024-10-29 09:00:00,SHORT,2613.29,2620.9,2499.14,2620.9,SL,-63.87,21.96,-85.83,-1.34,LOSS,3761.96,bearish,71.96,68.79
2024-10-30 02:00:00,2024-10-30 13:00:00,LONG,2625.5,2620.41,2701.85,2701.85,TP,623.57,21.75,601.82,14.48,WIN,4363.77,bullish,53.88,63.22
2024-10-30 17:00:00,2024-10-30 18:00:00,LONG,2688.0,2683.07,2761.95,2683.07,SL,-45.62,24.85,-70.47,-1.54,LOSS,4293.3,bullish,59.53,62.71
2024-10-30 21:00:00,2024-10-30 22:00:00,LONG,2679.49,2655.0,3046.84,2655.0,SL,-85.87,9.35,-95.22,-1.11,LOSS,4198.08,bullish,55.84,60.63
2024-10-31 02:00:00,2024-10-31 03:00:00,LONG,2663.02,2658.56,2729.92,2658.56,SL,-40.08,23.91,-63.99,-1.6,LOSS,4134.1,bullish,51.31,55.6
2024-10-31 08:00:00,2024-10-31 09:00:00,LONG,2646.79,2638.49,2771.29,2638.49,SL,-73.89,23.53,-97.42,-1.32,LOSS,4036.68,bullish,46.32,49.35
2024-10-31 11:00:00,2024-10-31 12:00:00,LONG,2646.6,2635.09,2819.25,2635.09,SL,-80.73,18.52,-99.26,-1.23,LOSS,3937.42,bullish,47.47,47.53
2024-10-31 16:00:00,2024-10-31 17:00:00,LONG,2562.86,2555.81,2668.61,2555.81,SL,-61.74,22.41,-84.15,-1.36,LOSS,3853.27,bullish,27.81,42.07
2024-10-31 21:00:00,2024-10-31 22:00:00,LONG,2520.82,2514.34,2618.02,2514.34,SL,-56.46,21.94,-78.39,-1.39,LOSS,3774.87,bullish,23.87,33.69
2024-11-01 04:00:00,2024-11-01 05:00:00,SHORT,2503.2,2510.01,2401.05,2510.01,SL,-58.54,21.55,-80.08,-1.37,LOSS,3694.79,bearish,26.76,25.2
2024-11-01 15:00:00,2024-11-04 21:00:00,SHORT,2561.81,2573.99,2379.11,2379.11,TP,1108.44,14.99,1093.45,14.8,WIN,4788.24,bearish,55.75,36.39
2024-11-05 03:00:00,2024-11-05 04:00:00,SHORT,2405.29,2410.9,2321.14,2410.9,SL,-63.66,27.32,-90.98,-1.43,LOSS,4697.26,bearish,41.5,39.77
2024-11-05 18:00:00,2024-11-06 00:00:00,SHORT,2451.44,2462.4,2287.04,2462.4,SL,-93.95,21.06,-115.0,-1.22,LOSS,4582.25,bearish,53.69,53.24
2024-11-06 07:00:00,2024-11-06 08:00:00,SHORT,2583.95,2596.67,2393.15,2596.67,SL,-91.65,18.66,-110.31,-1.2,LOSS,4471.94,bearish,70.59,58.37
2024-11-07 00:00:00,2024-11-07 01:00:00,SHORT,2721.88,2735.31,2520.43,2735.31,SL,-89.44,18.17,-107.61,-1.2,LOSS,4364.33,bearish,76.95,75.46
2024-11-07 08:00:00,2024-11-07 11:00:00,LONG,2820.3,2802.5,3087.3,2802.5,SL,-87.29,13.79,-101.07,-1.16,LOSS,4263.26,bullish,70.63,78.3
2024-11-07 13:00:00,2024-11-07 14:00:00,LONG,2818.57,2792.28,3212.92,2792.28,SL,-85.27,9.1,-94.36,-1.11,LOSS,4168.9,bullish,66.27,74.6
2024-11-07 16:00:00,2024-11-27 22:00:00,LONG,2847.5,2792.62,3670.7,3670.7,TP,1250.67,4.95,1245.72,14.94,WIN,5414.61,bullish,67.37,71.08
2024-11-28 07:00:00,2024-11-28 08:00:00,LONG,3594.8,3588.96,3682.4,3588.96,SL,-50.14,30.84,-80.98,-1.62,LOSS,5333.64,bullish,61.58,74.8
2024-11-28 18:00:00,2024-11-29 07:00:00,LONG,3552.99,3541.08,3731.64,3541.08,SL,-106.67,31.77,-138.44,-1.3,LOSS,5195.2,bullish,46.66,56.8
2024-11-29 09:00:00,2024-12-03 13:00:00,LONG,3568.88,3544.5,3934.58,3544.5,SL,-103.9,15.16,-119.06,-1.15,LOSS,5076.13,bullish,49.71,50.46
2024-12-03 15:00:00,2024-12-03 16:00:00,LONG,3580.35,3545.22,4107.3,3545.22,SL,-101.52,10.3,-111.82,-1.1,LOSS,4964.31,bullish,42.3,45.72
2024-12-03 18:00:00,2024-12-03 19:00:00,LONG,3578.75,3551.81,3982.85,3551.81,SL,-99.29,13.14,-112.43,-1.13,LOSS,4851.89,bullish,43.95,44.01
2024-12-05 05:00:00,2024-12-05 06:00:00,LONG,3855.99,3832.67,4205.79,3832.67,SL,-97.04,16.0,-113.03,-1.16,LOSS,4738.85,bullish,61.92,64.05
2024-12-05 17:00:00,2024-12-05 18:00:00,LONG,3901.58,3888.0,4105.28,3888.0,SL,-94.78,27.18,-121.96,-1.29,LOSS,4616.89,bullish,59.89,63.83
2024-12-05 22:00:00,2024-12-05 23:00:00,LONG,3855.6,3826.2,4296.6,3826.2,SL,-92.34,12.06,-104.4,-1.13,LOSS,4512.49,bullish,50.48,60.52
2024-12-06 01:00:00,2024-12-09 20:00:00,LONG,3862.32,3785.21,5018.97,3785.21,SL,-90.25,4.48,-94.73,-1.05,LOSS,4417.77,bullish,52.27,55.66
2024-12-09 23:00:00,2024-12-10 00:00:00,LONG,3714.18,3698.36,3951.48,3698.36,SL,-88.36,20.7,-109.06,-1.23,LOSS,4308.71,bullish,28.86,34.71
2024-12-10 14:00:00,2024-12-10 15:00:00,LONG,3693.67,3677.2,3940.72,3677.2,SL,-86.17,19.28,-105.46,-1.22,LOSS,4203.26,bullish,38.09,38.78
2024-12-10 17:00:00,2024-12-10 18:00:00,LONG,3613.4,3567.76,4298.0,3567.76,SL,-84.07,6.61,-90.68,-1.08,LOSS,4112.58,bullish,34.49,37.96
2024-12-12 09:00:00,2024-12-12 10:00:00,LONG,3911.99,3905.4,4010.84,3905.4,SL,-39.49,23.42,-62.91,-1.59,LOSS,4049.67,bullish,65.07,66.75
2024-12-12 18:00:00,2024-12-12 19:00:00,LONG,3961.79,3934.23,4375.19,3934.23,SL,-80.99,11.6,-92.6,-1.14,LOSS,3957.07,bullish,63.32,66.28
2024-12-12 21:00:00,2024-12-12 22:00:00,LONG,3886.83,3871.13,4122.33,3871.13,SL,-79.14,19.55,-98.69,-1.25,LOSS,3858.38,bullish,50.36,62.32
2024-12-13 01:00:00,2024-12-13 02:00:00,LONG,3888.81,3881.6,3996.96,3881.6,SL,-40.78,21.97,-62.75,-1.54,LOSS,3795.63,bullish,50.95,57.72
2024-12-13 17:00:00,2024-12-14 10:00:00,LONG,3912.0,3886.2,4299.0,3886.2,SL,-75.91,11.47,-87.39,-1.15,LOSS,3708.24,bullish,51.97,53.18
2024-12-14 15:00:00,2024-12-14 17:00:00,LONG,3884.2,3863.58,4193.5,3863.58,SL,-74.16,13.93,-88.1,-1.19,LOSS,3620.14,bullish,44.59,48.99
2024-12-14 20:00:00,2024-12-14 21:00:00,LONG,3859.11,3833.59,4241.91,3833.59,SL,-72.4,10.91,-83.32,-1.15,LOSS,3536.83,bullish,41.91,45.2
2024-12-15 09:00:00,2024-12-15 21:00:00,LONG,3862.41,3845.19,4120.71,3845.19,SL,-70.74,15.83,-86.57,-1.22,LOSS,3450.26,bullish,46.05,46.59
2024-12-15 23:00:00,2024-12-17 22:00:00,LONG,3889.21,3856.23,4383.91,3856.23,SL,-69.01,8.1,-77.11,-1.12,LOSS,3373.15,bullish,50.93,52.0
2024-12-18 00:00:00,2024-12-18 01:00:00,LONG,3893.01,3883.32,4038.36,3883.32,SL,-47.86,19.2,-67.06,-1.4,LOSS,3306.09,bullish,37.59,45.58
2024-12-18 03:00:00,2024-12-18 04:00:00,LONG,3870.66,3845.06,4254.66,3845.06,SL,-66.12,9.96,-76.09,-1.15,LOSS,3230.01,bullish,37.42,42.01
2024-12-18 08:00:00,2024-12-18 15:00:00,LONG,3847.33,3829.38,4116.58,3829.38,SL,-64.6,13.81,-78.41,-1.21,LOSS,3151.59,bullish,37.0,37.15
2024-12-19 01:00:00,2024-12-19 02:00:00,LONG,3656.0,3626.8,4094.0,3626.8,SL,-63.03,7.86,-70.89,-1.12,LOSS,3080.7,bullish,27.7,37.06
2024-12-19 17:00:00,2024-12-19 18:00:00,LONG,3620.17,3613.92,3713.92,3613.92,SL,-30.32,17.54,-47.86,-1.58,LOSS,3032.84,bullish,34.21,38.28
2024-12-19 22:00:00,2024-12-20 01:00:00,LONG,3419.01,3381.48,3981.96,3381.48,SL,-60.66,5.5,-66.15,-1.09,LOSS,2966.69,bullish,27.88,34.21
2024-12-21 16:00:00,2024-12-21 17:00:00,LONG,3390.4,3375.27,3617.35,3375.27,SL,-59.33,13.27,-72.6,-1.22,LOSS,2894.09,bullish,41.88,51.26
2024-12-21 23:00:00,2024-12-22 04:00:00,LONG,3330.5,3318.0,3518.0,3318.0,SL,-57.88,15.39,-73.27,-1.27,LOSS,2820.81,bullish,36.13,41.62
2024-12-22 16:00:00,2024-12-22 19:00:00,LONG,3302.38,3277.94,3668.98,3277.94,SL,-56.42,7.59,-64.01,-1.13,LOSS,2756.8,bullish,39.45,44.41
2024-12-22 21:00:00,2024-12-22 22:00:00,LONG,3290.81,3247.14,3945.86,3247.14,SL,-55.14,4.13,-59.26,-1.07,LOSS,2697.54,bullish,42.22,44.57
2024-12-23 05:00:00,2024-12-23 10:00:00,SHORT,3325.57,3351.0,2944.12,3351.0,SL,-53.95,7.08,-61.03,-1.13,LOSS,2636.51,bearish,50.77,42.64
2024-12-23 12:00:00,2024-12-23 13:00:00,SHORT,3339.51,3349.78,3185.46,3349.78,SL,-46.22,15.05,-61.27,-1.33,LOSS,2575.24,bearish,53.14,47.31
2024-12-23 18:00:00,2024-12-23 20:00:00,SHORT,3336.02,3374.67,2756.27,3374.67,SL,-51.5,4.47,-55.98,-1.09,LOSS,2519.26,bearish,51.64,50.5
2024-12-24 00:00:00,2024-12-24 14:00:00,SHORT,3422.53,3459.68,2865.28,3459.68,SL,-50.39,4.67,-55.05,-1.09,LOSS,2464.21,bearish,58.88,53.89
2024-12-25 03:00:00,2024-12-25 04:00:00,LONG,3485.31,3473.3,3665.46,3473.3,SL,-49.28,14.28,-63.56,-1.29,LOSS,2400.65,bullish,58.53,60.65
2024-12-25 13:00:00,2024-12-25 15:00:00,LONG,3478.45,3471.04,3589.6,3471.04,SL,-29.15,13.67,-42.82,-1.47,LOSS,2357.83,bullish,52.71,57.97
2024-12-25 18:00:00,2024-12-25 21:00:00,LONG,3471.0,3454.49,3718.65,3454.49,SL,-47.16,9.89,-57.05,-1.21,LOSS,2300.78,bullish,50.33,55.46
2024-12-25 23:00:00,2024-12-26 01:00:00,LONG,3475.6,3467.59,3595.75,3467.59,SL,-30.22,13.1,-43.32,-1.43,LOSS,2257.46,bullish,51.49,52.75
2024-12-26 10:00:00,2024-12-26 12:00:00,LONG,3372.42,3366.51,3461.07,3366.51,SL,-22.55,12.86,-35.41,-1.57,LOSS,2222.05,bullish,28.38,44.09
2024-12-27 11:00:00,2024-12-28 22:00:00,SHORT,3402.53,3423.08,3094.28,3423.08,SL,-44.44,7.38,-51.82,-1.17,LOSS,2170.23,bearish,54.66,45.71
2024-12-29 00:00:00,2024-12-29 10:00:00,SHORT,3404.01,3410.6,3305.16,3410.6,SL,-23.95,12.38,-36.33,-1.52,LOSS,2133.9,bearish,62.02,58.11
2024-12-29 14:00:00,2024-12-29 15:00:00,LONG,3399.38,3391.79,3513.23,3391.79,SL,-27.16,12.15,-39.31,-1.45,LOSS,2094.59,bullish,55.21,55.45
2024-12-30 00:00:00,2024-12-30 13:00:00,LONG,3356.48,3340.44,3597.08,3340.44,SL,-41.89,8.75,-50.64,-1.21,LOSS,2043.96,bullish,42.94,44.89
2024-12-30 16:00:00,2024-12-30 21:00:00,LONG,3324.16,3315.57,3453.01,3315.57,SL,-30.11,11.64,-41.74,-1.39,LOSS,2002.21,bullish,34.99,53.41
2024-12-30 23:00:00,2024-12-31 01:00:00,LONG,3358.93,3319.26,3953.98,3319.26,SL,-40.04,3.37,-43.41,-1.08,LOSS,1958.8,bullish,46.39,47.78
2024-12-31 06:00:00,2024-12-31 17:00:00,LONG,3344.33,3333.71,3503.63,3333.71,SL,-35.46,11.15,-46.6,-1.31,LOSS,1912.2,bullish,45.5,46.22
2024-12-31 22:00:00,2024-12-31 23:00:00,LONG,3352.64,3346.2,3449.24,3346.2,SL,-20.94,10.89,-31.83,-1.52,LOSS,1880.37,bullish,43.42,53.14
2025-01-01 23:00:00,2025-01-02 00:00:00,SHORT,3361.63,3368.39,3260.23,3368.39,SL,-21.55,10.73,-32.28,-1.5,LOSS,1848.09,bearish,53.71,48.16
2025-01-02 17:00:00,2025-01-02 18:00:00,LONG,3469.54,3463.52,3559.84,3463.52,SL,-18.28,10.52,-28.8,-1.58,LOSS,1819.29,bullish,64.15,69.74
2025-01-03 00:00:00,2025-01-03 07:00:00,LONG,3455.68,3440.6,3681.88,3440.6,SL,-36.39,8.32,-44.71,-1.23,LOSS,1774.58,bullish,56.58,64.71
2025-01-03 10:00:00,2025-01-04 13:00:00,LONG,3443.63,3430.2,3645.08,3645.08,TP,532.37,9.37,523.01,14.74,WIN,2297.59,bullish,50.5,53.76
2025-01-04 17:00:00,2025-01-05 08:00:00,LONG,3622.09,3607.81,3836.29,3607.81,SL,-45.95,11.63,-57.58,-1.25,LOSS,2240.0,bullish,61.56,65.02
2025-01-05 11:00:00,2025-01-05 12:00:00,LONG,3615.61,3609.49,3707.41,3609.49,SL,-21.61,12.76,-34.37,-1.59,LOSS,2205.63,bullish,47.48,57.64
2025-01-06 12:00:00,2025-01-06 13:00:00,LONG,3654.51,3637.88,3903.96,3637.88,SL,-44.11,9.67,-53.78,-1.22,LOSS,2151.85,bullish,54.89,57.48
2025-01-06 19:00:00,2025-01-06 20:00:00,LONG,3682.23,3673.86,3807.78,3673.86,SL,-27.88,12.25,-40.13,-1.44,LOSS,2111.72,bullish,56.89,57.4
2025-01-06 23:00:00,2025-01-07 01:00:00,LONG,3678.52,3667.17,3848.77,3667.17,SL,-37.14,12.02,-49.16,-1.32,LOSS,2062.56,bullish,54.63,56.49
2025-01-07 09:00:00,2025-01-07 10:00:00,LONG,3674.63,3667.78,3777.38,3667.78,SL,-21.92,11.75,-33.66,-1.54,LOSS,2028.9,bullish,51.61,53.44
2025-01-07 21:00:00,2025-01-07 22:00:00,LONG,3396.61,3385.68,3560.56,3385.68,SL,-37.21,11.55,-48.76,-1.31,LOSS,1980.14,bullish,15.51,30.33
2025-01-08 02:00:00,2025-01-13 11:00:00,SHORT,3391.32,3411.71,3085.47,3085.47,TP,594.04,6.29,587.75,14.84,WIN,2567.89,bearish,27.84,22.02
2025-01-14 06:00:00,2025-01-14 07:00:00,SHORT,3162.0,3172.96,2997.6,3172.96,SL,-51.36,14.84,-66.2,-1.29,LOSS,2501.69,bearish,55.02,43.83
2025-01-14 11:00:00,2025-01-15 01:00:00,SHORT,3235.31,3243.9,3106.46,3243.9,SL,-37.86,14.28,-52.14,-1.38,LOSS,2449.55,bearish,65.26,55.68
2025-01-15 18:00:00,2025-01-15 19:00:00,SHORT,3325.82,3339.49,3120.77,3339.49,SL,-48.99,11.94,-60.93,-1.24,LOSS,2388.62,bearish,68.19,58.95
2025-01-16 05:00:00,2025-01-16 06:00:00,LONG,3375.04,3363.38,3549.94,3363.38,SL,-47.77,13.8,-61.58,-1.29,LOSS,2327.04,bullish,58.37,70.45
2025-01-16 10:00:00,2025-01-16 13:00:00,LONG,3336.22,3316.21,3636.37,3316.21,SL,-46.54,7.74,-54.28,-1.17,LOSS,2272.76,bullish,49.24,63.67
2025-01-16 16:00:00,2025-01-16 22:00:00,LONG,3333.02,3277.14,4171.22,3277.14,SL,-45.46,2.69,-48.14,-1.06,LOSS,2224.62,bullish,49.5,52.62
2025-01-17 00:00:00,2025-01-17 20:00:00,LONG,3308.04,3297.62,3464.34,3464.34,TP,599.13,12.98,586.15,14.68,WIN,2810.77,bullish,45.36,48.41
2025-01-17 22:00:00,2025-02-02 22:00:00,SHORT,3473.58,3514.8,2855.28,2855.28,TP,843.23,4.32,838.91,14.92,WIN,3649.68,bearish,62.22,61.76
2025-02-03 09:00:00,2025-02-03 12:00:00,SHORT,2572.81,2622.35,1829.71,2622.35,SL,-72.99,3.83,-76.82,-1.05,LOSS,3572.86,bearish,31.48,21.33
2025-02-03 21:00:00,2025-02-03 22:00:00,SHORT,2704.2,2764.21,1804.05,2764.21,SL,-71.46,3.26,-74.71,-1.05,LOSS,3498.15,bearish,47.74,40.72
2025-02-04 01:00:00,2025-02-26 20:00:00,SHORT,2840.95,2879.89,2256.85,2256.85,TP,1049.44,4.58,1044.86,14.93,WIN,4543.01,bearish,57.85,48.34
2025-02-27 03:00:00,2025-02-27 05:00:00,SHORT,2334.79,2344.51,2188.99,2344.51,SL,-90.86,21.87,-112.73,-1.24,LOSS,4430.28,bearish,36.18,35.18
2025-02-27 09:00:00,2025-02-27 10:00:00,SHORT,2352.26,2356.13,2294.21,2356.13,SL,-41.55,25.27,-66.82,-1.61,LOSS,4363.46,bearish,43.63,37.11
2025-02-27 12:00:00,2025-03-02 16:00:00,SHORT,2353.83,2378.17,1988.73,2378.17,SL,-87.27,8.48,-95.75,-1.1,LOSS,4267.71,bearish,44.84,40.24
2025-03-02 19:00:00,2025-03-02 20:00:00,SHORT,2474.69,2480.5,2387.54,2480.5,SL,-57.11,24.35,-81.47,-1.43,LOSS,4186.24,bearish,80.02,58.35
2025-03-03 00:00:00,2025-03-03 18:00:00,SHORT,2518.12,2538.62,2210.62,2210.62,TP,1255.87,9.66,1246.22,14.88,WIN,5432.46,bearish,78.25,68.47
2025-03-04 07:00:00,2025-03-04 09:00:00,SHORT,2097.66,2106.94,1958.46,2106.94,SL,-108.65,24.61,-133.26,-1.23,LOSS,5299.19,bearish,34.76,30.45
2025-03-04 16:00:00,2025-03-04 17:00:00,SHORT,2074.49,2078.47,2014.79,2078.47,SL,-57.95,30.23,-88.18,-1.52,LOSS,5211.01,bearish,36.32,34.76
2025-03-04 21:00:00,2025-03-04 22:00:00,SHORT,2139.06,2172.63,1635.51,2172.63,SL,-104.22,6.69,-110.91,-1.06,LOSS,5100.1,bearish,49.76,40.36
2025-03-05 01:00:00,2025-03-05 02:00:00,SHORT,2165.09,2171.5,2068.94,2171.5,SL,-86.07,29.11,-115.18,-1.34,LOSS,4984.92,bearish,53.11,45.6
2025-03-06 07:00:00,2025-03-10 17:00:00,SHORT,2292.0,2313.71,1966.35,1966.35,TP,1495.47,9.78,1485.7,14.9,WIN,6470.61,bearish,66.61,64.26
2025-03-11 04:00:00,2025-03-11 05:00:00,SHORT,1849.78,1859.68,1701.28,1859.68,SL,-129.41,24.24,-153.66,-1.19,LOSS,6316.96,bearish,33.21,30.41
2025-03-11 07:00:00,2025-03-11 08:00:00,SHORT,1884.82,1893.6,1753.12,1893.6,SL,-126.34,27.18,-153.52,-1.22,LOSS,6163.43,bearish,40.53,31.23
2025-03-11 12:00:00,2025-03-11 13:00:00,SHORT,1914.12,1921.71,1800.27,1921.71,SL,-123.27,31.15,-154.42,-1.25,LOSS,6009.01,bearish,46.16,38.25
2025-03-11 18:00:00,2025-03-11 19:00:00,SHORT,1904.91,1918.2,1705.56,1918.2,SL,-120.18,17.29,-137.47,-1.14,LOSS,5871.55,bearish,46.75,44.22
2025-03-12 00:00:00,2025-03-12 09:00:00,SHORT,1923.42,1943.69,1619.37,1943.69,SL,-117.43,11.2,-128.63,-1.1,LOSS,5742.92,bearish,48.96,48.67
2025-03-13 03:00:00,2025-03-13 12:00:00,SHORT,1889.89,1907.02,1632.94,1907.02,SL,-114.86,12.73,-127.59,-1.11,LOSS,5615.33,bearish,47.57,47.28
2025-03-14 00:00:00,2025-03-14 01:00:00,SHORT,1864.59,1879.14,1646.34,1879.14,SL,-112.31,14.45,-126.75,-1.13,LOSS,5488.57,bearish,47.19,45.48
2025-03-14 04:00:00,2025-03-14 05:00:00,SHORT,1889.28,1892.64,1838.88,1892.64,SL,-55.64,31.31,-86.95,-1.56,LOSS,5401.62,bearish,54.09,46.1
2025-03-15 23:00:00,2025-03-17 18:00:00,SHORT,1943.79,1950.85,1837.89,1950.85,SL,-108.03,29.8,-137.83,-1.28,LOSS,5263.79,bearish,60.07,59.35
2025-03-17 20:00:00,2025-03-17 21:00:00,SHORT,1942.22,1948.56,1847.12,1948.56,SL,-97.94,30.05,-127.99,-1.31,LOSS,5135.8,bearish,64.09,54.45
2025-03-17 23:00:00,2025-03-19 00:00:00,SHORT,1932.2,1941.26,1796.3,1941.26,SL,-102.72,21.96,-124.67,-1.21,LOSS,5011.12,bearish,57.19,56.91
2025-03-19 02:00:00,2025-03-19 09:00:00,SHORT,1931.4,1945.36,1722.0,1945.36,SL,-100.22,13.92,-114.14,-1.14,LOSS,4896.99,bearish,59.04,49.67
2025-03-19 13:00:00,2025-03-19 14:00:00,SHORT,2004.0,2028.0,1644.0,2028.0,SL,-97.94,8.23,-106.17,-1.08,LOSS,4790.82,bearish,69.51,63.34
2025-03-21 03:00:00,2025-03-22 09:00:00,SHORT,1987.79,1994.29,1890.29,1994.29,SL,-89.3,27.35,-116.65,-1.31,LOSS,4674.17,bearish,49.3,45.58
2025-03-22 12:00:00,2025-03-22 13:00:00,SHORT,1990.41,1996.12,1904.76,1996.12,SL,-76.43,26.68,-103.11,-1.35,LOSS,4571.06,bearish,57.15,55.69
2025-03-23 05:00:00,2025-03-23 07:00:00,SHORT,2000.25,2008.32,1879.2,2008.32,SL,-91.42,22.71,-114.13,-1.25,LOSS,4456.93,bearish,57.82,55.29
2025-03-25 16:00:00,2025-03-25 17:00:00,SHORT,2067.67,2076.39,1936.87,2076.39,SL,-89.14,21.18,-110.32,-1.24,LOSS,4346.61,bearish,52.32,49.41
2025-03-26 09:00:00,2025-03-26 10:00:00,SHORT,2063.58,2069.26,1978.38,2069.26,SL,-68.2,24.81,-93.0,-1.36,LOSS,4253.61,bearish,50.07,49.52
2025-03-26 12:00:00,2025-03-26 18:00:00,SHORT,2068.52,2073.1,1999.82,1999.82,TP,805.25,23.84,781.4,14.56,WIN,5035.01,bearish,52.5,49.76
2025-03-27 11:00:00,2025-03-28 04:00:00,SHORT,2024.86,2028.79,1965.91,1965.91,TP,835.53,28.28,807.25,14.49,WIN,5842.27,bearish,46.97,44.83
2025-03-28 19:00:00,2025-03-28 20:00:00,SHORT,1879.39,1884.01,1810.09,1884.01,SL,-81.86,33.34,-115.2,-1.41,LOSS,5727.06,bearish,25.27,20.01
2025-03-29 00:00:00,2025-03-29 01:00:00,SHORT,1896.9,1901.41,1829.25,1901.41,SL,-77.61,32.68,-110.3,-1.42,LOSS,5616.76,bearish,39.53,24.52
2025-03-29 03:00:00,2025-04-01 15:00:00,SHORT,1895.27,1910.01,1674.17,1910.01,SL,-112.34,14.5,-126.84,-1.13,LOSS,5489.93,bearish,40.62,29.74
2025-04-01 23:00:00,2025-04-02 05:00:00,SHORT,1911.91,1915.02,1865.26,1865.26,TP,763.53,30.91,732.62,14.39,WIN,6222.55,bearish,67.4,66.77
2025-04-02 18:00:00,2025-04-02 19:00:00,SHORT,1892.68,1902.94,1738.78,1902.94,SL,-124.45,23.02,-147.47,-1.18,LOSS,6075.08,bearish,56.5,49.58
2025-04-03 17:00:00,2025-04-03 18:00:00,SHORT,1773.42,1782.26,1640.82,1782.26,SL,-121.5,24.44,-145.94,-1.2,LOSS,5929.14,bearish,38.32,37.29
2025-04-04 01:00:00,2025-04-04 07:00:00,SHORT,1810.43,1817.23,1708.43,1817.23,SL,-118.58,31.63,-150.21,-1.27,LOSS,5778.93,bearish,49.93,41.76
2025-04-04 19:00:00,2025-04-04 20:00:00,SHORT,1806.46,1821.34,1583.26,1821.34,SL,-115.58,14.09,-129.67,-1.12,LOSS,5649.26,bearish,50.89,49.77
2025-04-05 02:00:00,2025-04-05 20:00:00,SHORT,1819.5,1822.86,1769.1,1769.1,TP,891.96,31.75,860.2,14.47,WIN,6509.46,bearish,54.44,51.65
2025-04-06 03:00:00,2025-04-06 04:00:00,SHORT,1804.3,1810.5,1711.3,1810.5,SL,-130.19,37.95,-168.14,-1.29,LOSS,6341.32,bearish,51.9,45.12
2025-04-07 03:00:00,2025-04-07 14:00:00,SHORT,1579.28,1598.59,1289.63,1598.59,SL,-126.83,10.44,-137.26,-1.08,LOSS,6204.06,bearish,25.04,22.48
2025-04-07 16:00:00,2025-04-07 17:00:00,SHORT,1556.56,1569.64,1360.36,1569.64,SL,-124.08,14.83,-138.91,-1.12,LOSS,6065.15,bearish,45.54,30.37
2025-04-07 19:00:00,2025-04-07 20:00:00,SHORT,1549.42,1566.15,1298.47,1566.15,SL,-121.3,11.29,-132.6,-1.09,LOSS,5932.55,bearish,45.64,35.07
2025-04-08 00:00:00,2025-04-08 01:00:00,SHORT,1553.04,1578.78,1166.94,1578.78,SL,-118.65,7.22,-125.87,-1.06,LOSS,5806.68,bearish,46.43,43.83
2025-04-08 06:00:00,2025-04-08 16:00:00,SHORT,1591.82,1598.78,1487.42,1487.42,TP,1742.0,25.69,1716.31,14.78,WIN,7523.0,bearish,53.35,49.23
2025-04-09 12:00:00,2025-04-09 13:00:00,SHORT,1455.33,1486.45,988.53,1486.45,SL,-150.46,7.11,-157.57,-1.05,LOSS,7365.43,bearish,40.5,37.33
2025-04-09 15:00:00,2025-04-09 16:00:00,SHORT,1470.95,1487.52,1222.4,1487.52,SL,-147.31,13.15,-160.46,-1.09,LOSS,7204.97,bearish,46.05,40.15
2025-04-09 19:00:00,2025-04-09 20:00:00,SHORT,1628.11,1632.83,1557.31,1632.83,SL,-119.06,41.13,-160.19,-1.35,LOSS,7044.78,bearish,72.08,49.96
2025-04-11 03:00:00,2025-04-11 04:00:00,SHORT,1534.57,1543.14,1406.02,1543.14,SL,-140.9,25.3,-166.2,-1.18,LOSS,6878.58,bearish,45.94,39.41
2025-04-11 12:00:00,2025-04-11 13:00:00,SHORT,1558.8,1568.39,1414.95,1568.39,SL,-137.57,22.43,-160.0,-1.16,LOSS,6718.58,bearish,52.92,48.56
2025-04-12 11:00:00,2025-04-12 12:00:00,SHORT,1592.02,1597.51,1509.67,1597.51,SL,-134.37,39.03,-173.4,-1.29,LOSS,6545.18,bearish,62.27,54.79
2025-04-12 17:00:00,2025-04-12 20:00:00,SHORT,1643.72,1655.88,1461.32,1655.88,SL,-130.9,17.76,-148.66,-1.14,LOSS,6396.51,bearish,71.49,64.29
2025-04-13 19:00:00,2025-04-14 02:00:00,SHORT,1629.97,1636.77,1527.97,1636.77,SL,-127.93,30.73,-158.66,-1.24,LOSS,6237.85,bearish,56.6,47.6
2025-04-14 04:00:00,2025-04-14 05:00:00,SHORT,1629.6,1635.44,1542.0,1635.44,SL,-124.76,34.87,-159.63,-1.28,LOSS,6078.22,bearish,56.76,49.05
2025-04-14 12:00:00,2025-04-14 13:00:00,SHORT,1675.32,1678.84,1622.52,1678.84,SL,-72.79,34.68,-107.48,-1.48,LOSS,5970.75,bearish,67.49,56.49
2025-04-15 09:00:00,2025-04-15 10:00:00,SHORT,1641.06,1644.83,1584.51,1644.83,SL,-78.18,34.07,-112.26,-1.44,LOSS,5858.49,bearish,53.01,50.29
2025-04-16 04:00:00,2025-04-16 14:00:00,SHORT,1591.04,1598.6,1477.64,1598.6,SL,-117.17,24.72,-141.89,-1.21,LOSS,5716.6,bearish,38.67,38.45
2025-04-16 21:00:00,2025-04-16 22:00:00,SHORT,1573.62,1588.61,1348.77,1588.61,SL,-114.33,12.06,-126.39,-1.11,LOSS,5590.21,bearish,45.99,42.53
2025-04-17 04:00:00,2025-04-17 05:00:00,SHORT,1584.91,1591.93,1479.61,1591.93,SL,-111.8,25.3,-137.1,-1.23,LOSS,5453.11,bearish,49.3,48.04
2025-04-17 19:00:00,2025-04-19 04:00:00,SHORT,1600.82,1610.04,1462.52,1610.04,SL,-109.06,18.99,-128.05,-1.17,LOSS,5325.06,bearish,53.24,52.28
2025-04-19 19:00:00,2025-04-19 21:00:00,SHORT,1615.19,1618.83,1560.59,1618.83,SL,-68.4,30.39,-98.79,-1.44,LOSS,5226.26,bearish,62.64,57.57
2025-04-21 10:00:00,2025-04-22 00:00:00,SHORT,1642.58,1649.15,1544.03,1544.03,TP,1567.88,25.35,1542.53,14.76,WIN,6768.8,bearish,68.48,64.61
2025-04-22 03:00:00,2025-04-22 07:00:00,SHORT,1577.08,1587.52,1420.48,1587.52,SL,-135.38,20.52,-155.89,-1.15,LOSS,6612.9,bearish,41.34,40.86
2025-04-22 17:00:00,2025-04-22 18:00:00,SHORT,1691.71,1703.0,1522.36,1703.0,SL,-132.26,19.88,-152.14,-1.15,LOSS,6460.76,bearish,74.38,60.85
2025-04-22 20:00:00,2025-04-22 21:00:00,SHORT,1698.22,1703.78,1614.82,1703.78,SL,-120.57,36.89,-157.46,-1.31,LOSS,6303.3,bearish,73.33,67.72
2025-04-22 23:00:00,2025-04-23 00:00:00,SHORT,1745.7,1754.2,1618.2,1754.2,SL,-126.07,25.95,-152.02,-1.21,LOSS,6151.28,bearish,77.06,72.05
2025-04-24 18:00:00,2025-04-24 23:00:00,SHORT,1755.4,1770.4,1530.4,1770.4,SL,-123.03,14.46,-137.48,-1.12,LOSS,6013.8,bearish,45.82,45.77
2025-04-25 02:00:00,2025-04-25 06:00:00,SHORT,1765.93,1774.15,1642.63,1774.15,SL,-120.28,25.9,-146.18,-1.22,LOSS,5867.62,bearish,50.67,49.56
2025-04-26 10:00:00,2025-04-26 11:00:00,SHORT,1803.48,1806.35,1760.43,1806.35,SL,-53.22,33.47,-86.7,-1.63,LOSS,5780.93,bearish,55.52,54.86
2025-04-26 21:00:00,2025-04-26 22:00:00,SHORT,1805.69,1813.08,1694.84,1813.08,SL,-115.62,28.31,-143.93,-1.24,LOSS,5637.0,bearish,55.21,53.79
2025-04-27 21:00:00,2025-04-28 07:00:00,SHORT,1802.51,1808.01,1720.01,1808.01,SL,-98.04,32.18,-130.22,-1.33,LOSS,5506.78,bearish,50.0,49.08
2025-04-28 10:00:00,2025-04-28 11:00:00,SHORT,1805.76,1809.4,1751.16,1809.4,SL,-63.27,31.42,-94.69,-1.5,LOSS,5412.09,bearish,55.57,46.68
2025-04-28 13:00:00,2025-04-29 06:00:00,SHORT,1806.87,1816.2,1666.92,1816.2,SL,-108.24,21.02,-129.26,-1.19,LOSS,5282.83,bearish,54.21,48.87
2025-04-29 13:00:00,2025-04-29 16:00:00,SHORT,1821.8,1829.76,1702.4,1829.76,SL,-105.66,24.23,-129.89,-1.23,LOSS,5152.94,bearish,57.82,57.18
2025-05-01 07:00:00,2025-05-01 08:00:00,SHORT,1806.54,1813.64,1700.04,1813.64,SL,-103.06,26.27,-129.33,-1.25,LOSS,5023.61,bearish,55.04,52.94
2025-05-01 18:00:00,2025-05-02 16:00:00,SHORT,1856.11,1859.7,1802.26,1859.7,SL,-55.38,28.66,-84.05,-1.52,LOSS,4939.56,bearish,65.56,63.15
2025-05-04 00:00:00,2025-05-04 02:00:00,SHORT,1833.52,1842.84,1693.72,1842.84,SL,-98.79,19.48,-118.28,-1.2,LOSS,4821.28,bearish,49.83,49.7
2025-05-05 10:00:00,2025-05-05 18:00:00,SHORT,1823.33,1828.39,1747.43,1828.39,SL,-76.26,27.52,-103.78,-1.36,LOSS,4717.5,bearish,51.13,44.08
2025-05-05 20:00:00,2025-05-05 22:00:00,SHORT,1816.44,1822.6,1724.04,1822.6,SL,-94.35,27.87,-122.22,-1.3,LOSS,4595.28,bearish,50.57,47.24
2025-05-06 00:00:00,2025-05-07 00:00:00,SHORT,1820.19,1826.09,1731.69,1826.09,SL,-84.9,26.24,-111.14,-1.31,LOSS,4484.14,bearish,52.34,47.01
2025-05-07 02:00:00,2025-05-07 08:00:00,SHORT,1832.71,1842.23,1689.91,1842.23,SL,-89.68,17.31,-106.99,-1.19,LOSS,4377.15,bearish,62.95,45.15
2025-05-08 02:00:00,2025-05-08 03:00:00,SHORT,1822.91,1827.12,1759.76,1827.12,SL,-57.62,24.98,-82.6,-1.43,LOSS,4294.55,bearish,54.13,48.64
2025-05-08 05:00:00,2025-05-08 06:00:00,SHORT,1893.81,1901.09,1784.61,1901.09,SL,-85.89,22.39,-108.28,-1.26,LOSS,4186.27,bearish,71.56,51.73
2025-05-08 12:00:00,2025-05-08 13:00:00,SHORT,1957.64,1961.0,1907.24,1961.0,SL,-40.96,23.88,-64.84,-1.58,LOSS,4121.43,bearish,79.82,68.71
2025-05-08 22:00:00,2025-05-08 23:00:00,SHORT,2179.86,2185.01,2102.61,2185.01,SL,-55.5,23.52,-79.02,-1.42,LOSS,4042.41,bearish,90.95,85.0
2025-05-09 18:00:00,2025-06-21 21:00:00,LONG,2350.02,2298.16,3127.92,2298.16,SL,-80.85,3.62,-84.47,-1.04,LOSS,3957.94,bullish,67.73,77.52
2025-06-21 23:00:00,2025-06-22 00:00:00,LONG,2286.59,2281.8,2358.44,2281.8,SL,-47.26,22.54,-69.8,-1.48,LOSS,3888.15,bullish,21.12,36.28
2025-06-22 18:00:00,2025-06-22 20:00:00,SHORT,2192.27,2197.0,2121.32,2197.0,SL,-47.82,22.19,-70.0,-1.46,LOSS,3818.14,bearish,29.86,29.38
2025-06-23 00:00:00,2025-06-23 01:00:00,SHORT,2227.7,2233.81,2136.05,2233.81,SL,-59.69,21.79,-81.48,-1.37,LOSS,3736.66,bearish,44.06,32.0
2025-06-23 03:00:00,2025-06-23 05:00:00,SHORT,2239.06,2246.11,2133.31,2246.11,SL,-67.06,21.33,-88.4,-1.32,LOSS,3648.26,bearish,46.97,34.72
2025-06-23 10:00:00,2025-06-23 12:00:00,SHORT,2252.01,2261.99,2102.31,2261.99,SL,-72.97,16.5,-89.47,-1.23,LOSS,3558.8,bearish,50.61,45.79
2025-06-23 15:00:00,2025-06-23 18:00:00,SHORT,2274.01,2295.29,1954.81,2295.29,SL,-71.18,7.64,-78.82,-1.11,LOSS,3479.98,bearish,55.48,51.36
2025-06-23 22:00:00,2025-06-23 23:00:00,SHORT,2341.16,2347.13,2251.61,2347.13,SL,-50.58,19.86,-70.44,-1.39,LOSS,3409.54,bearish,64.68,55.36
2025-06-24 09:00:00,2025-06-25 14:00:00,LONG,2403.24,2393.31,2552.19,2393.31,SL,-68.19,16.47,-84.66,-1.24,LOSS,3324.88,bullish,62.7,67.43
2025-06-25 17:00:00,2025-06-26 02:00:00,LONG,2410.54,2405.69,2483.29,2483.29,TP,571.96,19.24,552.73,14.5,WIN,3877.6,bullish,44.2,51.97
2025-06-26 15:00:00,2025-06-26 16:00:00,LONG,2446.49,2433.67,2638.79,2433.67,SL,-77.55,14.76,-92.31,-1.19,LOSS,3785.29,bullish,48.86,57.78
2025-06-26 19:00:00,2025-06-26 21:00:00,LONG,2425.25,2420.71,2493.35,2420.71,SL,-40.39,21.56,-61.95,-1.53,LOSS,3723.34,bullish,42.56,51.23
2025-06-27 16:00:00,2025-06-27 17:00:00,LONG,2438.26,2423.24,2663.56,2423.24,SL,-74.47,12.05,-86.52,-1.16,LOSS,3636.83,bullish,49.99,51.34
2025-06-27 20:00:00,2025-07-01 20:00:00,LONG,2412.67,2394.97,2678.17,2394.97,SL,-72.74,9.88,-82.61,-1.14,LOSS,3554.21,bullish,43.6,48.19
2025-07-02 00:00:00,2025-07-02 01:00:00,LONG,2405.01,2400.66,2470.26,2400.66,SL,-36.64,20.24,-56.88,-1.55,LOSS,3497.33,bullish,35.58,36.11
2025-07-03 05:00:00,2025-07-04 06:00:00,LONG,2566.68,2561.22,2648.58,2561.22,SL,-42.41,19.91,-62.32,-1.47,LOSS,3435.01,bullish,63.41,73.55
2025-07-04 09:00:00,2025-07-04 13:00:00,LONG,2547.0,2534.9,2728.5,2534.9,SL,-68.7,14.43,-83.13,-1.21,LOSS,3351.88,bullish,40.5,50.56
2025-07-04 18:00:00,2025-07-04 19:00:00,LONG,2496.56,2487.51,2632.31,2487.51,SL,-67.04,18.46,-85.5,-1.28,LOSS,3266.38,bullish,29.93,37.57
2025-07-04 21:00:00,2025-07-08 17:00:00,LONG,2490.29,2482.57,2606.09,2606.09,TP,865.77,19.05,846.71,14.67,WIN,4113.1,bullish,31.32,33.97
2025-07-09 05:00:00,2025-07-09 19:00:00,LONG,2603.05,2591.74,2772.7,2772.7,TP,1233.93,19.55,1214.38,14.76,WIN,5327.48,bullish,56.89,61.0
2025-07-10 11:00:00,2025-07-10 12:00:00,LONG,2784.93,2778.24,2885.28,2778.24,SL,-72.95,30.33,-103.28,-1.42,LOSS,5224.2,bullish,67.19,70.94
2025-07-10 20:00:00,2025-07-10 21:00:00,LONG,2816.21,2811.39,2888.51,2888.51,TP,764.48,30.16,734.32,14.41,WIN,5958.52,bullish,65.91,66.8
2025-07-11 09:00:00,2025-07-11 11:00:00,LONG,3003.32,2968.81,3520.97,2968.81,SL,-119.17,10.31,-129.48,-1.09,LOSS,5829.04,bullish,72.44,74.69
2025-07-11 17:00:00,2025-07-11 22:00:00,LONG,2967.54,2951.09,3214.29,2951.09,SL,-116.58,20.97,-137.55,-1.18,LOSS,5691.49,bullish,57.39,68.89
2025-07-12 00:00:00,2025-07-12 04:00:00,LONG,2958.21,2950.49,3074.01,2950.49,SL,-84.66,32.4,-117.06,-1.38,LOSS,5574.43,bullish,51.92,60.21
2025-07-12 17:00:00,2025-07-12 21:00:00,LONG,2924.49,2916.05,3051.09,2916.05,SL,-91.7,31.73,-123.43,-1.35,LOSS,5451.0,bullish,41.24,49.17
2025-07-14 00:00:00,2025-07-15 02:00:00,LONG,2972.03,2959.19,3164.63,2959.19,SL,-109.02,25.18,-134.2,-1.23,LOSS,5316.8,bullish,51.45,58.12
2025-07-15 05:00:00,2025-07-16 14:00:00,LONG,2968.32,2951.79,3216.27,3216.27,TP,1595.04,19.89,1575.15,14.81,WIN,6891.94,bullish,40.21,45.39
2025-07-17 03:00:00,2025-07-17 04:00:00,LONG,3348.56,3338.21,3503.81,3338.21,SL,-121.42,39.22,-160.65,-1.32,LOSS,6731.3,bullish,69.22,77.4
2025-07-17 15:00:00,2025-07-17 16:00:00,LONG,3426.51,3400.29,3819.81,3400.29,SL,-134.63,17.53,-152.15,-1.13,LOSS,6579.15,bullish,64.43,70.34
2025-07-17 18:00:00,2025-07-17 20:00:00,LONG,3424.04,3394.6,3865.64,3394.6,SL,-131.58,15.24,-146.82,-1.12,LOSS,6432.33,bullish,61.41,68.88
2025-07-18 10:00:00,2025-07-18 11:00:00,LONG,3620.92,3603.89,3876.37,3603.89,SL,-128.65,27.29,-155.94,-1.21,LOSS,6276.39,bullish,68.06,71.59
2025-07-18 13:00:00,2025-07-18 14:00:00,LONG,3637.54,3610.23,4047.19,3610.23,SL,-125.53,16.66,-142.18,-1.13,LOSS,6134.21,bullish,68.77,72.25
2025-07-18 17:00:00,2025-07-18 19:00:00,LONG,3573.2,3563.68,3716.0,3563.68,SL,-93.16,34.92,-128.07,-1.37,LOSS,6006.13,bullish,54.72,67.6
2025-07-18 22:00:00,2025-07-18 23:00:00,LONG,3553.9,3517.3,4102.9,3517.3,SL,-120.12,11.6,-131.73,-1.1,LOSS,5874.4,bullish,50.63,59.11
2025-07-19 02:00:00,2025-07-24 07:00:00,LONG,3545.0,3522.21,3886.85,3522.21,SL,-117.49,18.22,-135.7,-1.16,LOSS,5738.7,bullish,49.67,53.82
2025-07-25 02:00:00,2025-07-25 03:00:00,LONG,3683.28,3659.4,4041.48,3659.4,SL,-114.77,17.65,-132.42,-1.15,LOSS,5606.28,bullish,50.83,56.82
2025-07-25 05:00:00,2025-08-01 08:00:00,LONG,3648.59,3596.01,4437.29,3596.01,SL,-112.13,7.72,-119.85,-1.07,LOSS,5486.43,bullish,47.48,54.17
2025-08-01 10:00:00,2025-08-01 11:00:00,LONG,3618.32,3609.43,3751.67,3609.43,SL,-76.84,31.23,-108.07,-1.41,LOSS,5378.36,bullish,25.69,30.17
2025-08-02 00:00:00,2025-08-02 06:00:00,LONG,3488.21,3463.82,3854.06,3463.82,SL,-107.57,15.33,-122.9,-1.14,LOSS,5255.46,bullish,29.83,31.63
2025-08-02 17:00:00,2025-08-02 18:00:00,LONG,3471.91,3459.33,3660.61,3459.33,SL,-105.11,28.96,-134.07,-1.28,LOSS,5121.4,bullish,36.93,37.91
2025-08-04 07:00:00,2025-08-04 13:00:00,LONG,3538.94,3533.46,3621.14,3621.14,TP,678.05,29.53,648.52,14.35,WIN,5769.92,bullish,59.6,61.0
2025-08-05 06:00:00,2025-08-05 07:00:00,LONG,3664.4,3649.03,3894.95,3649.03,SL,-115.4,27.45,-142.85,-1.24,LOSS,5627.06,bullish,57.94,71.72
2025-08-05 09:00:00,2025-08-05 12:00:00,LONG,3634.81,3613.49,3954.61,3613.49,SL,-112.54,19.13,-131.67,-1.17,LOSS,5495.39,bullish,50.11,65.05
2025-08-05 14:00:00,2025-08-05 15:00:00,LONG,3646.85,3628.43,3923.15,3628.43,SL,-109.91,21.7,-131.61,-1.2,LOSS,5363.78,bullish,51.12,56.04
2025-08-05 17:00:00,2025-08-05 18:00:00,LONG,3577.67,3570.43,3686.27,3570.43,SL,-61.87,30.54,-92.41,-1.49,LOSS,5271.37,bullish,40.41,50.48
2025-08-06 14:00:00,2025-08-07 21:00:00,LONG,3602.76,3584.02,3883.86,3883.86,TP,1581.41,21.06,1560.35,14.8,WIN,6831.72,bullish,48.3,49.44
2025-08-08 03:00:00,2025-08-08 08:00:00,LONG,3893.67,3887.35,3988.47,3887.35,SL,-63.21,38.91,-102.12,-1.62,LOSS,6729.6,bullish,69.21,72.17
2025-08-08 12:00:00,2025-08-08 13:00:00,LONG,3917.97,3897.41,4226.37,3897.41,SL,-134.59,25.58,-160.17,-1.19,LOSS,6569.43,bullish,64.58,67.93
2025-08-08 17:00:00,2025-08-09 09:00:00,LONG,3970.98,3954.56,4217.28,4217.28,TP,1970.83,32.76,1938.07,14.75,WIN,8507.5,bullish,63.78,65.1
2025-08-09 15:00:00,2025-08-10 08:00:00,LONG,4197.16,4165.55,4671.31,4165.55,SL,-170.15,22.51,-192.66,-1.13,LOSS,8314.84,bullish,68.21,71.6
2025-08-10 13:00:00,2025-08-10 14:00:00,LONG,4201.1,4180.58,4508.9,4180.58,SL,-166.3,33.96,-200.26,-1.2,LOSS,8114.58,bullish,49.84,56.98
2025-08-11 09:00:00,2025-08-11 10:00:00,LONG,4281.77,4273.69,4402.97,4273.69,SL,-87.28,46.21,-133.49,-1.53,LOSS,7981.09,bullish,56.25,59.37
2025-08-11 14:00:00,2025-08-19 14:00:00,LONG,4279.72,4184.09,5714.17,4184.09,SL,-159.62,7.06,-166.69,-1.04,LOSS,7814.4,bullish,55.2,56.07
2025-08-19 18:00:00,2025-08-19 19:00:00,LONG,4186.01,4142.45,4839.41,4142.45,SL,-156.29,14.94,-171.23,-1.1,LOSS,7643.17,bullish,38.22,41.01
2025-08-19 21:00:00,2025-08-19 22:00:00,LONG,4158.94,4142.0,4413.04,4142.0,SL,-152.86,37.45,-190.32,-1.25,LOSS,7452.86,bullish,37.08,40.48
2025-08-20 01:00:00,2025-08-22 14:00:00,LONG,4104.96,4075.58,4545.66,4545.66,TP,2235.86,21.94,2213.91,14.85,WIN,9666.77,bullish,34.57,37.69
2025-08-23 05:00:00,2025-08-23 11:00:00,LONG,4746.99,4694.63,5532.39,4694.63,SL,-193.34,17.43,-210.77,-1.09,LOSS,9456.0,bullish,64.19,76.87
2025-08-23 13:00:00,2025-08-24 17:00:00,LONG,4715.04,4704.95,4866.39,4866.39,TP,1730.13,54.76,1675.37,14.53,WIN,11131.37,bullish,57.89,63.96
2025-08-25 02:00:00,2025-08-25 04:00:00,LONG,4732.07,4701.04,5197.52,4701.04,SL,-222.63,33.84,-256.47,-1.15,LOSS,10874.91,bullish,43.93,56.22
2025-08-25 09:00:00,2025-08-25 10:00:00,LONG,4599.81,4591.37,4726.41,4591.37,SL,-113.74,61.93,-175.67,-1.54,LOSS,10699.24,bullish,32.18,43.58
2025-08-25 12:00:00,2025-08-25 19:00:00,LONG,4600.08,4544.21,5438.13,4544.21,SL,-213.98,17.51,-231.5,-1.08,LOSS,10467.74,bullish,37.76,39.78
2025-08-25 23:00:00,2025-08-26 00:00:00,LONG,4392.28,4350.81,5014.33,4350.81,SL,-209.35,22.07,-231.42,-1.11,LOSS,10236.32,bullish,29.58,35.44
2025-08-27 03:00:00,2025-08-27 07:00:00,LONG,4577.35,4562.83,4795.15,4562.83,SL,-185.08,58.25,-243.34,-1.31,LOSS,9992.98,bullish,55.96,56.53
2025-08-27 09:00:00,2025-08-27 10:00:00,LONG,4595.22,4580.46,4816.62,4580.46,SL,-182.96,56.87,-239.83,-1.31,LOSS,9753.15,bullish,55.85,57.9
2025-08-27 21:00:00,2025-08-27 22:00:00,LONG,4594.7,4565.7,5029.7,4565.7,SL,-195.06,30.81,-225.87,-1.16,LOSS,9527.28,bullish,51.24,55.25
2025-08-28 02:00:00,2025-08-28 15:00:00,LONG,4516.46,4493.67,4858.31,4493.67,SL,-190.55,37.67,-228.21,-1.2,LOSS,9299.07,bullish,41.94,50.0
2025-08-28 18:00:00,2025-08-28 19:00:00,LONG,4489.77,4465.12,4859.52,4465.12,SL,-185.98,33.78,-219.76,-1.18,LOSS,9079.31,bullish,38.43,49.98
2025-08-28 21:00:00,2025-08-29 01:00:00,LONG,4458.69,4438.49,4761.69,4438.49,SL,-181.59,39.99,-221.58,-1.22,LOSS,8857.73,bullish,36.66,46.31
2025-08-29 16:00:00,2025-08-30 01:00:00,LONG,4316.1,4282.48,4820.4,4282.48,SL,-177.15,22.65,-199.81,-1.13,LOSS,8657.92,bullish,35.71,35.89
2025-08-31 16:00:00,2025-08-31 19:00:00,LONG,4485.28,4459.81,4867.33,4459.81,SL,-173.16,30.41,-203.57,-1.18,LOSS,8454.36,bullish,60.48,60.87
2025-08-31 22:00:00,2025-08-31 23:00:00,LONG,4470.01,4455.03,4694.71,4455.03,SL,-169.09,50.37,-219.46,-1.3,LOSS,8234.9,bullish,55.09,58.21
2025-09-01 04:00:00,2025-09-01 05:00:00,LONG,4404.15,4387.59,4652.55,4387.59,SL,-164.7,43.72,-208.42,-1.27,LOSS,8026.48,bullish,44.21,50.82
2025-09-01 13:00:00,2025-09-01 14:00:00,LONG,4403.21,4392.83,4558.91,4392.83,SL,-107.85,45.7,-153.55,-1.42,LOSS,7872.93,bullish,45.8,45.84
2025-09-01 19:00:00,2025-09-01 20:00:00,LONG,4346.93,4323.15,4703.63,4323.15,SL,-157.46,28.7,-186.16,-1.18,LOSS,7686.77,bullish,39.93,45.1
2025-09-01 23:00:00,2025-09-02 19:00:00,LONG,4284.56,4261.61,4628.81,4261.61,SL,-153.74,28.62,-182.36,-1.19,LOSS,7504.41,bullish,36.12,41.1
2025-09-02 21:00:00,2025-09-04 18:00:00,LONG,4313.12,4274.41,4893.77,4274.41,SL,-150.09,16.65,-166.74,-1.11,LOSS,7337.67,bullish,46.25,46.74
2025-09-05 16:00:00,2025-09-05 17:00:00,LONG,4283.4,4273.61,4430.25,4273.61,SL,-95.59,41.78,-137.37,-1.44,LOSS,7200.3,bullish,39.68,53.75
2025-09-05 19:00:00,2025-09-05 21:00:00,LONG,4312.94,4289.99,4657.19,4289.99,SL,-144.01,26.99,-171.0,-1.19,LOSS,7029.31,bullish,44.63,52.93
2025-09-05 23:00:00,2025-09-06 05:00:00,LONG,4313.0,4296.9,4554.5,4296.9,SL,-140.59,37.59,-178.18,-1.27,LOSS,6851.13,bullish,45.55,50.3
2025-09-06 07:00:00,2025-09-06 09:00:00,LONG,4302.62,4295.01,4416.77,4295.01,SL,-69.07,39.02,-108.09,-1.56,LOSS,6743.04,bullish,44.4,45.42
2025-09-06 11:00:00,2025-09-06 12:00:00,LONG,4300.95,4293.0,4420.2,4293.0,SL,-71.04,38.4,-109.44,-1.54,LOSS,6633.6,bullish,44.77,45.34
2025-09-08 19:00:00,2025-09-08 20:00:00,LONG,4329.72,4311.47,4603.47,4311.47,SL,-132.67,31.41,-164.08,-1.24,LOSS,6469.52,bullish,54.02,55.98
2025-09-10 21:00:00,2025-09-11 06:00:00,LONG,4329.94,4322.71,4438.39,4438.39,TP,923.62,37.34,886.28,14.39,WIN,7355.8,bullish,47.03,58.48
2025-09-11 22:00:00,2025-09-12 17:00:00,LONG,4429.23,4417.28,4608.48,4608.48,TP,1696.82,42.78,1654.04,14.62,WIN,9009.84,bullish,58.57,60.78
2025-09-13 18:00:00,2025-09-14 12:00:00,LONG,4634.09,4623.66,4790.54,4623.66,SL,-115.59,51.3,-166.89,-1.44,LOSS,8842.96,bullish,43.85,62.31
2025-09-14 17:00:00,2025-09-15 01:00:00,LONG,4596.83,4582.23,4815.83,4582.23,SL,-160.09,50.32,-210.42,-1.31,LOSS,8632.54,bullish,36.16,44.34
2025-09-15 10:00:00,2025-09-15 12:00:00,LONG,4526.22,4510.62,4760.22,4510.62,SL,-172.65,50.01,-222.66,-1.29,LOSS,8409.88,bullish,32.85,45.46
2025-09-15 18:00:00,2025-09-15 19:00:00,LONG,4509.9,4494.82,4736.1,4494.82,SL,-168.2,50.22,-218.42,-1.3,LOSS,8191.47,bullish,34.29,37.33
2025-09-16 16:00:00,2025-09-17 17:00:00,LONG,4468.19,4446.71,4790.39,4446.71,SL,-163.83,34.0,-197.83,-1.21,LOSS,7993.64,bullish,35.63,39.38
2025-09-17 19:00:00,2025-09-22 00:00:00,LONG,4456.16,4433.77,4792.01,4433.77,SL,-159.87,31.74,-191.61,-1.2,LOSS,7802.03,bullish,40.67,47.44
2025-09-22 04:00:00,2025-09-22 05:00:00,LONG,4305.87,4288.13,4571.97,4288.13,SL,-156.04,37.8,-193.84,-1.24,LOSS,7608.19,bullish,20.49,40.43
2025-09-22 11:00:00,2025-09-22 17:00:00,LONG,4182.78,4150.99,4659.63,4150.99,SL,-152.16,19.94,-172.11,-1.13,LOSS,7436.08,bullish,21.32,21.45
2025-09-23 16:00:00,2025-09-23 17:00:00,LONG,4181.01,4174.55,4277.91,4174.55,SL,-65.49,42.35,-107.84,-1.65,LOSS,7328.24,bullish,42.9,43.66
2025-09-23 19:00:00,2025-09-23 20:00:00,LONG,4157.16,4149.01,4279.41,4149.01,SL,-81.89,41.73,-123.62,-1.51,LOSS,7204.62,bullish,39.32,44.13
2025-09-24 23:00:00,2025-09-25 00:00:00,LONG,4154.62,4145.54,4290.82,4145.54,SL,-89.75,41.02,-130.77,-1.46,LOSS,7073.85,bullish,44.92,48.06
2025-09-25 06:00:00,2025-09-25 07:00:00,LONG,4025.69,4002.87,4367.99,4002.87,SL,-141.48,24.89,-166.36,-1.18,LOSS,6907.48,bullish,27.88,39.7
2025-09-26 05:00:00,2025-09-26 13:00:00,SHORT,3945.88,3965.33,3654.13,3965.33,SL,-138.15,28.1,-166.25,-1.2,LOSS,6741.24,bearish,45.2,37.58
2025-09-26 15:00:00,2025-09-26 16:00:00,SHORT,3930.92,3971.14,3327.62,3971.14,SL,-134.82,13.24,-148.07,-1.1,LOSS,6593.17,bearish,46.76,44.82
2025-09-27 14:00:00,2025-09-27 22:00:00,SHORT,4019.91,4028.92,3884.76,4028.92,SL,-84.23,37.62,-121.86,-1.45,LOSS,6471.31,bearish,54.77,54.05
2025-09-29 08:00:00,2025-09-29 11:00:00,LONG,4108.26,4097.53,4269.21,4097.53,SL,-96.34,36.84,-133.18,-1.38,LOSS,6338.13,bullish,62.61,68.22
2025-09-29 18:00:00,2025-09-30 09:00:00,LONG,4155.54,4142.6,4349.64,4142.6,SL,-112.5,36.07,-148.57,-1.32,LOSS,6189.57,bullish,60.71,63.48
2025-09-30 11:00:00,2025-09-30 14:00:00,LONG,4158.11,4140.78,4418.06,4140.78,SL,-123.79,29.64,-153.43,-1.24,LOSS,6036.13,bullish,48.25,59.36
2025-10-01 23:00:00,2025-10-02 15:00:00,LONG,4312.96,4304.8,4435.36,4435.36,TP,976.43,34.89,941.53,14.46,WIN,6977.67,bullish,60.95,65.93
2025-10-03 15:00:00,2025-10-03 17:00:00,LONG,4482.84,4470.97,4660.89,4470.97,SL,-105.31,39.72,-145.03,-1.38,LOSS,6832.63,bullish,57.8,59.69
2025-10-03 19:00:00,2025-10-04 01:00:00,LONG,4512.57,4471.67,5126.07,4471.67,SL,-136.65,15.01,-151.66,-1.11,LOSS,6680.97,bullish,58.27,58.35
2025-10-04 17:00:00,2025-10-04 18:00:00,LONG,4466.59,4455.08,4639.24,4455.08,SL,-98.13,38.03,-136.17,-1.39,LOSS,6544.81,bullish,44.41,49.21
2025-10-04 20:00:00,2025-10-06 14:00:00,LONG,4467.13,4454.94,4649.98,4649.98,TP,1527.0,38.07,1488.93,14.63,WIN,8033.74,bullish,45.68,47.39
2025-10-07 03:00:00,2025-10-07 06:00:00,LONG,4686.41,4675.25,4853.81,4675.25,SL,-109.05,45.74,-154.79,-1.42,LOSS,7878.95,bullish,65.09,71.68
2025-10-07 08:00:00,2025-10-07 09:00:00,LONG,4678.2,4669.4,4810.2,4669.4,SL,-84.48,44.87,-129.35,-1.53,LOSS,7749.6,bullish,57.1,67.63
2025-10-07 20:00:00,2025-10-07 23:00:00,LONG,4479.48,4464.9,4698.18,4464.9,SL,-143.78,44.1,-187.88,-1.31,LOSS,7561.73,bullish,30.02,47.05
2025-10-08 01:00:00,2025-10-08 03:00:00,LONG,4471.6,4447.7,4830.1,4447.7,SL,-151.23,28.22,-179.45,-1.19,LOSS,7382.27,bullish,34.93,38.93
2025-10-09 04:00:00,2025-10-09 07:00:00,LONG,4450.8,4412.82,5020.5,4412.82,SL,-147.65,17.23,-164.87,-1.12,LOSS,7217.4,bullish,42.15,47.62
2025-10-09 10:00:00,2025-10-09 14:00:00,LONG,4334.82,4328.01,4436.97,4328.01,SL,-64.63,41.11,-105.74,-1.64,LOSS,7111.66,bullish,29.16,42.92
2025-10-10 22:00:00,2025-10-10 23:00:00,LONG,3950.0,3871.31,5130.35,3871.31,SL,-142.23,7.07,-149.3,-1.05,LOSS,6962.36,bullish,25.39,32.77
2025-10-11 04:00:00,2025-10-11 09:00:00,SHORT,3792.27,3841.16,3058.92,3841.16,SL,-139.25,10.87,-150.12,-1.08,LOSS,6812.24,bearish,28.66,23.21
2025-10-11 13:00:00,2025-10-11 15:00:00,SHORT,3823.53,3839.99,3576.63,3839.99,SL,-136.24,31.72,-167.96,-1.23,LOSS,6644.28,bearish,36.71,30.31
2025-10-11 19:00:00,2025-10-11 20:00:00,SHORT,3815.48,3825.14,3670.58,3670.58,TP,1438.28,37.15,1401.12,14.61,WIN,8045.4,bearish,37.33,35.56
2025-10-12 11:00:00,2025-10-12 12:00:00,SHORT,3819.99,3843.8,3462.84,3843.8,SL,-160.91,25.9,-186.8,-1.16,LOSS,7858.6,bearish,49.66,43.28
2025-10-12 14:00:00,2025-10-12 15:00:00,SHORT,3810.14,3832.1,3480.74,3832.1,SL,-157.17,27.35,-184.52,-1.17,LOSS,7674.08,bearish,47.87,46.46
2025-10-12 19:00:00,2025-10-12 20:00:00,SHORT,4109.49,4127.85,3834.09,4127.85,SL,-153.48,34.43,-187.91,-1.22,LOSS,7486.17,bearish,73.72,58.52
2025-10-13 01:00:00,2025-10-13 02:00:00,SHORT,4139.78,4152.29,3952.13,4152.29,SL,-128.95,42.74,-171.68,-1.33,LOSS,7314.48,bearish,73.43,68.88
2025-10-13 22:00:00,2025-10-16 20:00:00,SHORT,4258.29,4286.21,3839.49,3839.49,TP,2194.35,21.21,2173.13,14.85,WIN,9487.61,bearish,64.06,61.01
2025-10-17 02:00:00,2025-10-17 03:00:00,SHORT,3920.2,3927.99,3803.35,3927.99,SL,-107.46,54.13,-161.6,-1.5,LOSS,9326.02,bearish,44.74,40.88
2025-10-17 05:00:00,2025-10-19 08:00:00,SHORT,3912.83,3933.26,3606.38,3933.26,SL,-186.52,35.82,-222.34,-1.19,LOSS,9103.68,bearish,43.98,39.84
2025-10-19 12:00:00,2025-10-19 13:00:00,SHORT,3923.82,3930.91,3817.47,3930.91,SL,-93.76,51.94,-145.7,-1.55,LOSS,8957.98,bearish,59.29,53.96
2025-10-19 16:00:00,2025-10-19 17:00:00,SHORT,3978.65,3989.31,3818.75,3989.31,SL,-136.81,51.13,-187.94,-1.37,LOSS,8770.04,bearish,66.88,58.05
2025-10-19 20:00:00,2025-10-19 21:00:00,SHORT,3985.75,4001.52,3749.2,4001.52,SL,-175.4,44.42,-219.82,-1.25,LOSS,8550.23,bearish,64.97,61.62
2025-10-20 08:00:00,2025-10-21 15:00:00,SHORT,4055.03,4075.01,3755.33,4075.01,SL,-171.0,34.79,-205.8,-1.2,LOSS,8344.43,bearish,64.43,62.81
2025-10-21 17:00:00,2025-10-26 13:00:00,SHORT,4029.19,4081.66,3242.14,4081.66,SL,-166.89,12.9,-179.79,-1.08,LOSS,8164.64,bearish,60.16,41.49
2025-10-26 15:00:00,2025-10-26 21:00:00,SHORT,4066.86,4083.52,3816.96,4083.52,SL,-163.29,39.94,-203.24,-1.24,LOSS,7961.41,bearish,75.08,61.5
2025-10-27 11:00:00,2025-10-27 12:00:00,LONG,4167.29,4160.35,4271.39,4160.35,SL,-75.57,45.34,-120.92,-1.6,LOSS,7840.49,bullish,61.08,76.47
2025-10-27 14:00:00,2025-10-27 20:00:00,LONG,4178.02,4145.86,4660.42,4145.86,SL,-156.81,20.29,-177.1,-1.13,LOSS,7663.39,bullish,61.33,72.56
2025-10-27 23:00:00,2025-10-28 00:00:00,LONG,4122.82,4116.43,4218.67,4116.43,SL,-67.7,43.65,-111.35,-1.64,LOSS,7552.04,bullish,44.99,56.87
2025-10-28 02:00:00,2025-10-28 03:00:00,LONG,4136.74,4115.49,4455.49,4115.49,SL,-151.04,29.33,-180.37,-1.19,LOSS,7371.67,bullish,48.53,53.75
2025-10-28 07:00:00,2025-10-28 19:00:00,LONG,4112.85,4068.59,4776.75,4068.59,SL,-147.43,13.63,-161.06,-1.09,LOSS,7210.61,bullish,47.03,47.7
2025-10-29 09:00:00,2025-10-29 13:00:00,SHORT,4007.66,4025.07,3746.51,4025.07,SL,-144.21,33.27,-177.48,-1.23,LOSS,7033.13,bearish,40.73,37.19
2025-10-29 23:00:00,2025-10-30 19:00:00,SHORT,3940.79,3956.75,3701.39,3701.39,TP,2109.94,33.68,2076.26,14.76,WIN,9109.39,bearish,41.13,39.84
2025-10-31 03:00:00,2025-10-31 04:00:00,SHORT,3821.26,3846.96,3435.76,3846.96,SL,-182.19,27.18,-209.37,-1.15,LOSS,8900.02,bearish,47.45,37.45
2025-10-31 06:00:00,2025-10-31 09:00:00,SHORT,3850.51,3862.62,3668.86,3862.62,SL,-159.55,50.81,-210.36,-1.32,LOSS,8689.66,bearish,51.55,41.73
2025-10-31 16:00:00,2025-10-31 19:00:00,SHORT,3860.99,3868.86,3742.94,3868.86,SL,-100.96,49.58,-150.54,-1.49,LOSS,8539.12,bearish,52.68,51.04
2025-10-31 21:00:00,2025-11-01 15:00:00,SHORT,3861.08,3886.14,3485.18,3886.14,SL,-170.78,26.4,-197.18,-1.15,LOSS,8341.94,bearish,52.22,51.34
2025-11-02 09:00:00,2025-11-02 23:00:00,SHORT,3894.73,3906.73,3714.73,3906.73,SL,-146.5,47.62,-194.13,-1.33,LOSS,8147.82,bearish,56.06,55.26
2025-11-03 01:00:00,2025-11-04 19:00:00,SHORT,3865.12,3906.58,3243.22,3243.22,TP,2444.34,13.97,2430.38,14.91,WIN,10578.19,bearish,48.32,47.05
2025-11-05 05:00:00,2025-11-05 06:00:00,SHORT,3329.47,3334.83,3249.07,3334.83,SL,-97.07,60.34,-157.41,-1.62,LOSS,10420.78,bearish,41.41,30.26
2025-11-05 08:00:00,2025-11-05 12:00:00,SHORT,3331.09,3337.13,3240.49,3337.13,SL,-107.7,59.45,-167.15,-1.55,LOSS,10253.62,bearish,42.01,32.17
2025-11-05 15:00:00,2025-11-05 16:00:00,SHORT,3348.93,3360.31,3178.23,3360.31,SL,-205.07,60.45,-265.52,-1.29,LOSS,9988.1,bearish,47.89,41.63
2025-11-05 20:00:00,2025-11-06 12:00:00,SHORT,3455.11,3462.03,3351.31,3351.31,TP,1710.38,56.08,1654.31,14.51,WIN,11642.4,bearish,60.64,48.84
2025-11-06 23:00:00,2025-11-07 00:00:00,SHORT,3319.61,3326.04,3223.16,3326.04,SL,-128.54,66.43,-194.97,-1.52,LOSS,11447.44,bearish,43.02,42.84
2025-11-07 07:00:00,2025-11-07 17:00:00,SHORT,3348.02,3366.79,3066.47,3366.79,SL,-228.95,40.95,-269.9,-1.18,LOSS,11177.54,bearish,49.57,45.51
2025-11-07 23:00:00,2025-11-08 04:00:00,SHORT,3445.9,3468.83,3101.95,3468.83,SL,-223.55,33.71,-257.26,-1.15,LOSS,10920.28,bearish,64.0,50.58
2025-11-09 00:00:00,2025-11-09 06:00:00,SHORT,3401.51,3409.5,3281.66,3409.5,SL,-146.21,62.32,-208.53,-1.43,LOSS,10711.75,bearish,49.64,48.86
2025-11-09 18:00:00,2025-11-09 19:00:00,SHORT,3515.52,3528.19,3325.47,3528.19,SL,-214.23,59.55,-273.79,-1.28,LOSS,10437.96,bearish,69.75,59.36
2025-11-10 02:00:00,2025-11-10 03:00:00,SHORT,3629.9,3635.97,3538.85,3635.97,SL,-99.49,59.55,-159.04,-1.6,LOSS,10278.93,bearish,79.52,73.76
2025-11-11 04:00:00,2025-11-11 17:00:00,SHORT,3606.11,3615.65,3463.01,3463.01,TP,2325.0,57.43,2267.57,14.63,WIN,12546.5,bearish,57.35,50.22
2025-11-12 03:00:00,2025-11-12 05:00:00,SHORT,3427.23,3447.44,3124.08,3447.44,SL,-250.93,42.68,-293.61,-1.17,LOSS,12252.89,bearish,35.02,34.0
2025-11-12 07:00:00,2025-11-12 08:00:00,SHORT,3439.11,3449.61,3281.61,3449.61,SL,-213.23,69.95,-283.18,-1.33,LOSS,11969.71,bearish,39.36,34.12
2025-11-12 15:00:00,2025-12-31 17:00:00,SHORT,3502.27,3576.9,2382.82,2975.77,TIMEOUT,1688.88,10.39,1678.49,7.01,WIN,13648.2,bearish,51.16,48.59
